season_label,crop_year_start,crop_year_end,crop_year_end_year,crop_year_label,bearing_acres,volume_million_lbs,volume_lbs,crop_value_usd,price_cents_per_lb,avg_dollars_per_bearing_acre,avg_lbs_per_bearing_acre,geography,source,is_holdout_season
71/72,1971-11-01,1972-10-31,1972,CY1972,19039.0,51.7,51700000.0,24608846.0,47.58,1293.0,2715.0,California,CAC Industry Statistical Data spreadsheet,False
72/73,1972-11-01,1973-10-31,1973,CY1973,19611.0,139.9,139900000.0,38188186.0,27.28,1947.0,7134.0,California,CAC Industry Statistical Data spreadsheet,False
73/74,1973-11-01,1974-10-31,1974,CY1974,20741.0,105.9,105900000.0,41997543.0,39.63,2025.0,5106.0,California,CAC Industry Statistical Data spreadsheet,False
74/75,1974-11-01,1975-10-31,1975,CY1975,20715.0,208.7,208700000.0,49529969.0,23.73,2391.0,10075.0,California,CAC Industry Statistical Data spreadsheet,False
75/76,1975-11-01,1976-10-31,1976,CY1976,24882.0,116.0,116000000.0,61000794.0,52.6,2452.0,4662.0,California,CAC Industry Statistical Data spreadsheet,False
76/77,1976-11-01,1977-10-31,1977,CY1977,29041.0,239.1,239100000.0,71220507.0,29.78,2452.0,8233.0,California,CAC Industry Statistical Data spreadsheet,False
77/78,1977-11-01,1978-10-31,1978,CY1978,33866.0,213.4,213400000.0,79685614.0,37.33,2353.0,6301.0,California,CAC Industry Statistical Data spreadsheet,False
78/79,1978-11-01,1979-10-31,1979,CY1979,39802.0,246.2,246200000.0,85359795.0,34.67,2145.0,6186.0,California,CAC Industry Statistical Data spreadsheet,False
79/80,1979-11-01,1980-10-31,1980,CY1980,44369.0,148.4,148400000.0,111003231.0,74.79,2502.0,3345.0,California,CAC Industry Statistical Data spreadsheet,False
80/81,1980-11-01,1981-10-31,1981,CY1981,47831.0,475.5,475500000.0,84963825.0,17.87,1776.0,9941.0,California,CAC Industry Statistical Data spreadsheet,False
81/82,1981-11-01,1982-10-31,1982,CY1982,64798.0,312.6,312600000.0,107740745.0,34.47,1663.0,4824.0,California,CAC Industry Statistical Data spreadsheet,False
82/83,1982-11-01,1983-10-31,1983,CY1983,69448.0,402.8,402800000.0,92622286.0,22.99,1334.0,5800.0,California,CAC Industry Statistical Data spreadsheet,False
83/84,1983-11-01,1984-10-31,1984,CY1984,72296.0,492.5,492500000.0,91102869.0,18.5,1260.0,6812.0,California,CAC Industry Statistical Data spreadsheet,False
84/85,1984-11-01,1985-10-31,1985,CY1985,72861.0,396.9,396900000.0,115562999.0,29.1,1586.0,5447.0,California,CAC Industry Statistical Data spreadsheet,False
85/86,1985-11-01,1986-10-31,1986,CY1986,74131.0,319.2,319200000.0,162095058.0,50.78,2187.0,4306.0,California,CAC Industry Statistical Data spreadsheet,False
86/87,1986-11-01,1987-10-31,1987,CY1987,74812.0,555.6,555600000.0,93875414.0,16.9,1255.0,7427.0,California,CAC Industry Statistical Data spreadsheet,False
87/88,1987-11-01,1988-10-31,1988,CY1988,76307.0,358.1,358100000.0,203796649.0,56.91,2671.0,4693.0,California,CAC Industry Statistical Data spreadsheet,False
88/89,1988-11-01,1989-10-31,1989,CY1989,75062.0,329.6,329600000.0,207124111.0,62.84,2759.0,4391.0,California,CAC Industry Statistical Data spreadsheet,False
89/90,1989-11-01,1990-10-31,1990,CY1990,73368.0,207.9,207900000.0,237547848.0,114.23,3238.0,2834.0,California,CAC Industry Statistical Data spreadsheet,False
90/91,1990-11-01,1991-10-31,1991,CY1991,71007.0,271.5,271500000.0,193188395.0,71.16,2721.0,3824.0,California,CAC Industry Statistical Data spreadsheet,False
91/92,1991-11-01,1992-10-31,1992,CY1992,69582.0,310.9,310900000.0,182596792.0,58.73,2624.0,4468.0,California,CAC Industry Statistical Data spreadsheet,False
92/93,1992-11-01,1993-10-31,1993,CY1993,68159.0,569.8,569800000.0,117939346.0,20.7,1730.0,8360.0,California,CAC Industry Statistical Data spreadsheet,False
93/94,1993-11-01,1994-10-31,1994,CY1994,66865.0,271.0,271000000.0,251086521.0,92.67,3755.0,4053.0,California,CAC Industry Statistical Data spreadsheet,False
94/95,1994-11-01,1995-10-31,1995,CY1995,61254.0,304.2,304200000.0,227313720.0,74.73,3711.0,4966.0,California,CAC Industry Statistical Data spreadsheet,False
95/96,1995-11-01,1996-10-31,1996,CY1996,61125.0,340.4,340400000.0,235225728.0,69.1,3848.0,5569.0,California,CAC Industry Statistical Data spreadsheet,False
96/97,1996-11-01,1997-10-31,1997,CY1997,60674.0,329.1,329100000.0,258991040.0,78.71,4269.0,5424.0,California,CAC Industry Statistical Data spreadsheet,False
97/98,1997-11-01,1998-10-31,1998,CY1998,59895.0,304.9,304900000.0,261126590.0,85.64,4360.0,5091.0,California,CAC Industry Statistical Data spreadsheet,False
98/99,1998-11-01,1999-10-31,1999,CY1999,59385.0,271.5,271500000.0,328745982.0,121.09,5536.0,4572.0,California,CAC Industry Statistical Data spreadsheet,False
99/00,1999-11-01,2000-10-31,2000,CY2000,58987.0,321.1,321100000.0,339443632.0,105.71,5755.0,5444.0,California,CAC Industry Statistical Data spreadsheet,False
00/01,2000-11-01,2001-10-31,2001,CY2001,58601.0,422.3,422300000.0,314919286.0,74.57,5374.0,7206.0,California,CAC Industry Statistical Data spreadsheet,False
01/02,2001-11-01,2002-10-31,2002,CY2002,58227.0,399.7,399700000.0,357785350.0,89.51,6145.0,6865.0,California,CAC Industry Statistical Data spreadsheet,False
02/03,2002-11-01,2003-10-31,2003,CY2003,59326.0,335.2,335200000.0,363104986.0,108.32,6121.0,5650.0,California,CAC Industry Statistical Data spreadsheet,False
03/04,2003-11-01,2004-10-31,2004,CY2004,60566.0,431.8,431800000.0,379846520.0,87.97,6272.0,7129.0,California,CAC Industry Statistical Data spreadsheet,False
04/05,2004-11-01,2005-10-31,2005,CY2005,61712.0,300.4,300400000.0,275034420.0,91.55,4457.0,4868.0,California,CAC Industry Statistical Data spreadsheet,False
05/06,2005-11-01,2006-10-31,2006,CY2006,62093.0,600.9,600900000.0,341175673.0,56.78,5495.0,9677.0,California,CAC Industry Statistical Data spreadsheet,False
06/07,2006-11-01,2007-10-31,2007,CY2007,64999.0,259.3,259300000.0,244911167.0,94.45,3768.0,3989.0,California,CAC Industry Statistical Data spreadsheet,False
07/08,2007-11-01,2008-10-31,2008,CY2008,65497.0,328.8,328800000.0,327141689.0,99.5,4995.0,5020.0,California,CAC Industry Statistical Data spreadsheet,False
08/09,2008-11-01,2009-10-31,2009,CY2009,64555.0,174.5,174500000.0,199625988.0,114.4,3092.0,2703.0,California,CAC Industry Statistical Data spreadsheet,False
09/10,2009-11-01,2010-10-31,2010,CY2010,58268.0,534.5,534500000.0,402770893.0,75.35,6912.0,9173.0,California,CAC Industry Statistical Data spreadsheet,False
10/11,2010-11-01,2011-10-31,2011,CY2011,57532.0,302.5,302500000.0,460209682.0,152.1,7999.0,5258.0,California,CAC Industry Statistical Data spreadsheet,False
11/12,2011-11-01,2012-10-31,2012,CY2012,59629.0,462.3,462300000.0,381852467.0,82.6,6404.0,7753.0,California,CAC Industry Statistical Data spreadsheet,False
12/13,2012-11-01,2013-10-31,2013,CY2013,57838.0,500.2,500200000.0,435023142.0,87.0,7521.0,8648.0,California,CAC Industry Statistical Data spreadsheet,False
13/14,2013-11-01,2014-10-31,2014,CY2014,57219.0,297.5,297500000.0,333216563.0,112.0,5823.0,5199.0,California,CAC Industry Statistical Data spreadsheet,False
14/15,2014-11-01,2015-10-31,2015,CY2015,51478.0,279.0,279000000.0,303160400.0,108.6,5889.0,5420.0,California,CAC Industry Statistical Data spreadsheet,False
15/16,2015-11-01,2016-10-31,2016,CY2016,51902.0,401.4,401400000.0,412332493.0,102.7,7944.0,7733.0,California,CAC Industry Statistical Data spreadsheet,False
16/17,2016-11-01,2017-10-31,2017,CY2017,50856.0,215.9,215900000.0,345875896.0,160.2,6801.0,4245.0,California,CAC Industry Statistical Data spreadsheet,False
17/18,2017-11-01,2018-10-31,2018,CY2018,49986.0,337.8,337800000.0,383129253.0,113.4,7665.0,6758.0,California,CAC Industry Statistical Data spreadsheet,False
18/19,2018-11-01,2019-10-31,2019,CY2019,47158.0,216.6,216600000.0,372285783.0,171.8,7894.0,4594.0,California,CAC Industry Statistical Data spreadsheet,False
19/20,2019-11-01,2020-10-31,2020,CY2020,46078.0,375.5,375500000.0,411490578.0,109.6,8930.0,8149.0,California,CAC Industry Statistical Data spreadsheet,False
20/21,2020-11-01,2021-10-31,2021,CY2021,47334.0,269.7,269700000.0,327605005.0,121.5,6921.0,5698.0,California,CAC Industry Statistical Data spreadsheet,False
21/22,2021-11-01,2022-10-31,2022,CY2022,46727.0,276.1,276100000.0,486549026.0,176.2,10412.0,5909.0,California,CAC Industry Statistical Data spreadsheet,False
22/23,2022-11-01,2023-10-31,2023,CY2023,47505.0,233.1,233100000.0,237007667.0,101.7,4989.0,4907.0,California,CAC Industry Statistical Data spreadsheet,False
23/24,2023-11-01,2024-10-31,2024,CY2024,47988.0,363.6,363600000.0,523817252.0,144.1,10916.0,7577.0,California,CAC Industry Statistical Data spreadsheet,False
24/25,2024-11-01,2025-10-31,2025,CY2025,49245.0,325.6,325600000.0,470867543.0,144.6,9562.0,6612.0,California,CAC Industry Statistical Data spreadsheet,True
