season_label,crop_year_start,crop_year_end,crop_year_end_year,crop_year_label,bearing_acres,volume_million_lbs,volume_lbs,crop_value_usd,price_cents_per_lb,avg_dollars_per_bearing_acre,avg_lbs_per_bearing_acre,geography,source,is_holdout_season,crop_year_start_wx,crop_year_end_wx,ppt_annual_mm,tmean_annual_c,et0_annual_mm,ppt_fall_winter_mm,tmean_fall_winter_c,tmax_fall_winter_c,et0_fall_winter_mm,ppt_late_winter_mm,tmean_late_winter_c,tmax_late_winter_c,et0_late_winter_mm,ppt_spring_mm,tmean_spring_c,tmax_spring_c,et0_spring_mm,ppt_summer_mm,tmean_summer_c,tmax_summer_c,et0_summer_mm,ppt_early_fall_mm,tmean_early_fall_c,tmax_early_fall_c,et0_early_fall_mm,spring_heat_days,winter_chill_proxy,weather_lat,weather_lon,weather_tag,weather_source
71/72,1971-11-01,1972-10-31,1972,CY1972,19039.0,51.7,51700000.0,24608846.0,47.58,1293.0,2715.0,California,CAC Industry Statistical Data spreadsheet,False,1971-11-01,1972-10-31,195.5,16.717486338797816,1434.89,148.0,11.094565217391304,16.829347826086956,192.69,5.0,12.941379310344828,19.106896551724137,82.04,17.6,16.724999999999998,22.36304347826087,437.19,5.000000000000001,22.32608695652174,27.323913043478257,508.94999999999993,19.9,18.52295081967213,23.416393442622955,214.02,0,6.965289256198346,34.4215,-119.5965,ca_statewide_proxy,open_meteo_era5_archive
72/73,1972-11-01,1973-10-31,1973,CY1973,19611.0,139.9,139900000.0,38188186.0,27.28,1947.0,7134.0,California,CAC Industry Statistical Data spreadsheet,False,1972-11-01,1973-10-31,489.5,16.236164383561647,1376.5400000000002,246.0,11.177173913043475,16.613043478260867,174.65,168.2,11.49642857142857,15.732142857142858,55.24999999999999,66.7,14.63478260869565,19.76304347826087,383.2,0.7,22.311956521739138,27.148913043478263,520.9799999999999,7.9,19.293442622950817,24.76229508196721,242.46,1,7.1525,34.4215,-119.5965,ca_statewide_proxy,open_meteo_era5_archive
73/74,1973-11-01,1974-10-31,1974,CY1974,20741.0,105.9,105900000.0,41997543.0,39.63,2025.0,5106.0,California,CAC Industry Statistical Data spreadsheet,False,1973-11-01,1974-10-31,335.1,16.784383561643835,1394.27,218.0,12.17608695652174,17.294565217391305,171.64000000000004,0.3,12.414285714285713,18.907142857142865,84.2,99.7,15.044565217391304,20.18586956521739,388.94,1.2000000000000002,22.166304347826088,26.917391304347827,517.0699999999999,15.9,20.247540983606555,25.2,232.42,0,7.946666666666666,34.4215,-119.5965,ca_statewide_proxy,open_meteo_era5_archive
74/75,1974-11-01,1975-10-31,1975,CY1975,20715.0,208.7,208700000.0,49529969.0,23.73,2391.0,10075.0,California,CAC Industry Statistical Data spreadsheet,False,1974-11-01,1975-10-31,446.1,16.12054794520548,1373.2599999999998,130.70000000000002,12.770652173913044,19.09021739130435,205.64,88.8,11.05357142857143,16.142857142857142,63.2,212.6,13.519565217391303,18.43478260869565,363.17,0.7,20.940217391304344,25.707608695652173,501.61,13.3,20.152459016393447,25.58524590163934,239.64,0,7.71,34.4215,-119.5965,ca_statewide_proxy,open_meteo_era5_archive
75/76,1975-11-01,1976-10-31,1976,CY1976,24882.0,116.0,116000000.0,61000794.0,52.6,2452.0,4662.0,California,CAC Industry Statistical Data spreadsheet,False,1975-11-01,1976-10-31,294.7,16.875956284153006,1427.1799999999998,5.699999999999999,13.907608695652174,20.890217391304343,241.39,87.8,12.4,17.675862068965518,72.31,87.89999999999999,14.731521739130434,20.065217391304344,393.37000000000006,9.5,21.68586956521739,26.53369565217391,517.3100000000001,103.8,19.460655737704915,24.234426229508195,202.8,0,8.534710743801652,34.4215,-119.5965,ca_statewide_proxy,open_meteo_era5_archive
76/77,1976-11-01,1977-10-31,1977,CY1977,29041.0,239.1,239100000.0,71220507.0,29.78,2452.0,8233.0,California,CAC Industry Statistical Data spreadsheet,False,1976-11-01,1977-10-31,231.2,17.175068493150683,1430.34,89.3,14.048913043478263,20.36195652173913,208.83,3.3,14.989285714285714,21.517857142857142,86.45000000000002,110.8,14.393478260869562,19.78586956521739,394.37,24.299999999999997,21.94239130434783,26.61847826086957,501.4,3.5,19.8983606557377,25.12295081967213,239.29,0,9.333333333333334,34.4215,-119.5965,ca_statewide_proxy,open_meteo_era5_archive
77/78,1977-11-01,1978-10-31,1978,CY1978,33866.0,213.4,213400000.0,79685614.0,37.33,2353.0,6301.0,California,CAC Industry Statistical Data spreadsheet,False,1977-11-01,1978-10-31,847.3,17.687397260273976,1409.56,311.4,14.755434782608695,19.836956521739133,201.95,248.9,12.089285714285712,16.835714285714282,58.129999999999995,250.6,15.608695652173912,20.620652173913044,375.17,1.2,22.309782608695652,27.28369565217391,527.81,35.199999999999996,20.84262295081967,26.5655737704918,246.50000000000003,1,10.155,34.4215,-119.5965,ca_statewide_proxy,open_meteo_era5_archive
78/79,1978-11-01,1979-10-31,1979,CY1979,39802.0,246.2,246200000.0,85359795.0,34.67,2145.0,6186.0,California,CAC Industry Statistical Data spreadsheet,False,1978-11-01,1979-10-31,381.2,16.57095890410959,1411.85,192.2,10.868478260869566,16.189130434782605,167.20999999999998,57.2,10.196428571428571,15.978571428571428,63.84000000000001,127.9,15.12391304347826,20.36086956521739,390.48,1.1,22.51304347826087,27.495652173913044,534.7,2.8,21.318032786885247,26.760655737704916,255.62,1,6.394999999999999,34.4215,-119.5965,ca_statewide_proxy,open_meteo_era5_archive
79/80,1979-11-01,1980-10-31,1980,CY1980,44369.0,148.4,148400000.0,111003231.0,74.79,2502.0,3345.0,California,CAC Industry Statistical Data spreadsheet,False,1979-11-01,1980-10-31,500.6,16.8827868852459,1387.66,180.8,13.24891304347826,18.507608695652173,185.93,212.1,12.89310344827586,17.53103448275862,64.72,103.4,14.43586956521739,19.416304347826088,368.63,1.9,22.18152173913043,27.01086956521739,518.76,2.4000000000000004,19.959016393442624,25.575409836065575,249.62000000000003,0,9.098347107438018,34.4215,-119.5965,ca_statewide_proxy,open_meteo_era5_archive
80/81,1980-11-01,1981-10-31,1981,CY1981,47831.0,475.5,475500000.0,84963825.0,17.87,1776.0,9941.0,California,CAC Industry Statistical Data spreadsheet,False,1980-11-01,1981-10-31,314.9,17.573150684931505,1430.4699999999998,111.3,14.075,20.10108695652174,208.0,55.3,13.071428571428571,18.557142857142853,69.67,129.7,15.431521739130432,20.29347826086957,379.55,0.0,23.542391304347827,28.286956521739132,545.01,18.6,19.14262295081967,24.157377049180333,228.24,0,9.291666666666666,34.4215,-119.5965,ca_statewide_proxy,open_meteo_era5_archive
81/82,1981-11-01,1982-10-31,1982,CY1982,64798.0,312.6,312600000.0,107740745.0,34.47,1663.0,4824.0,California,CAC Industry Statistical Data spreadsheet,False,1981-11-01,1982-10-31,353.8,16.66876712328767,1327.46,107.7,12.823913043478258,18.23369565217391,185.54,19.6,13.05714285714286,18.264285714285712,67.19,179.8,14.398913043478265,18.99673913043478,348.6000000000001,2.8999999999999995,21.610869565217392,26.17173913043478,496.93999999999994,43.8,20.09508196721312,25.516393442622956,229.19000000000003,0,8.754999999999999,34.4215,-119.5965,ca_statewide_proxy,open_meteo_era5_archive
82/83,1982-11-01,1983-10-31,1983,CY1983,69448.0,402.8,402800000.0,92622286.0,22.99,1334.0,5800.0,California,CAC Industry Statistical Data spreadsheet,False,1982-11-01,1983-10-31,889.1,16.862465753424658,1308.1,307.3,12.229347826086958,17.375,173.77,162.6,12.425,16.94642857142857,58.120000000000005,355.09999999999997,14.542391304347824,19.114130434782613,347.55000000000007,14.900000000000002,22.300000000000004,26.86195652173913,499.9700000000001,49.2,21.185245901639345,26.201639344262297,228.69,0,8.276666666666666,34.4215,-119.5965,ca_statewide_proxy,open_meteo_era5_archive
83/84,1983-11-01,1984-10-31,1984,CY1984,72296.0,492.5,492500000.0,91102869.0,18.5,1260.0,6812.0,California,CAC Industry Statistical Data spreadsheet,False,1983-11-01,1984-10-31,234.50000000000003,18.27295081967213,1486.85,192.7,12.967391304347826,18.08478260869565,176.88,3.3999999999999995,13.468965517241378,19.603448275862068,86.72,11.2,18.20434782608696,24.28152173913043,478.03,5.5,23.35434782608695,27.757608695652173,502.25999999999993,21.7,20.998360655737702,26.298360655737707,242.96,1,8.842148760330579,34.4215,-119.5965,ca_statewide_proxy,open_meteo_era5_archive
84/85,1984-11-01,1985-10-31,1985,CY1985,72861.0,396.9,396900000.0,115562999.0,29.1,1586.0,5447.0,California,CAC Industry Statistical Data spreadsheet,False,1984-11-01,1985-10-31,231.19999999999996,16.66191780821918,1391.68,156.7,11.291304347826086,15.993478260869564,162.92999999999998,20.6,12.378571428571428,18.40357142857143,76.78000000000002,38.5,15.541304347826086,20.82391304347826,403.13,3.5,23.101086956521737,27.87608695652173,524.3499999999999,11.9,18.706557377049183,24.003278688524592,224.49,0,7.521666666666667,34.4215,-119.5965,ca_statewide_proxy,open_meteo_era5_archive
85/86,1985-11-01,1986-10-31,1986,CY1986,74131.0,319.2,319200000.0,162095058.0,50.78,2187.0,4306.0,California,CAC Industry Statistical Data spreadsheet,False,1985-11-01,1986-10-31,567.4000000000001,16.853972602739727,1343.5,218.3,12.995652173913042,18.533695652173915,179.75,180.6,12.850000000000003,17.099999999999998,59.290000000000006,140.3,15.955434782608693,20.77934782608696,381.49999999999994,0.9,22.051086956521736,26.484782608695657,505.88000000000005,27.3,18.027868852459015,23.032786885245898,217.08,0,8.973333333333334,34.4215,-119.5965,ca_statewide_proxy,open_meteo_era5_archive
86/87,1986-11-01,1987-10-31,1987,CY1987,74812.0,555.6,555600000.0,93875414.0,16.9,1255.0,7427.0,California,CAC Industry Statistical Data spreadsheet,False,1986-11-01,1987-10-31,280.0,17.09917808219178,1383.39,116.7,12.8804347826087,18.65108695652174,190.68,35.3,12.224999999999998,17.510714285714286,74.10999999999999,81.8,16.4,21.74130434782609,395.8,1.7000000000000002,20.96630434782609,25.376086956521743,493.11,44.50000000000001,20.921311475409833,25.962295081967216,229.69,0,8.420833333333333,34.4215,-119.5965,ca_statewide_proxy,open_meteo_era5_archive
87/88,1987-11-01,1988-10-31,1988,CY1988,76307.0,358.1,358100000.0,203796649.0,56.91,2671.0,4693.0,California,CAC Industry Statistical Data spreadsheet,False,1987-11-01,1988-10-31,336.1,17.342622950819674,1439.96,166.60000000000002,11.771739130434783,17.231521739130436,175.89000000000004,61.0,14.065517241379307,21.08620689655172,88.17,77.80000000000001,17.002173913043475,22.982608695652175,440.91,27.6,22.20326086956522,26.948913043478257,497.58,3.0999999999999996,20.485245901639345,25.898360655737704,237.41,3,7.798347107438016,34.4215,-119.5965,ca_statewide_proxy,open_meteo_era5_archive
88/89,1988-11-01,1989-10-31,1989,CY1989,75062.0,329.6,329600000.0,207124111.0,62.84,2759.0,4391.0,California,CAC Industry Statistical Data spreadsheet,False,1988-11-01,1989-10-31,218.3,17.247945205479454,1453.1699999999998,100.5,12.175,18.148913043478263,193.04,71.3,10.917857142857144,16.02857142857143,67.13,30.1,17.72826086956522,23.508695652173916,434.46,0.0,22.05434782608696,26.945652173913043,515.1299999999999,16.4,19.831147540983608,25.480327868852463,243.41,4,7.455,34.4215,-119.5965,ca_statewide_proxy,open_meteo_era5_archive
89/90,1989-11-01,1990-10-31,1990,CY1990,73368.0,207.9,207900000.0,237547848.0,114.23,3238.0,2834.0,California,CAC Industry Statistical Data spreadsheet,False,1989-11-01,1990-10-31,156.2,17.58684931506849,1469.6800000000003,55.400000000000006,13.663043478260873,20.18260869565217,220.02,42.0,11.042857142857144,16.39285714285714,72.98,42.7,16.01086956521739,21.26630434782609,399.7,6.5,22.89673913043478,27.7163043478261,525.5300000000001,9.6,20.877049180327873,26.58688524590163,251.45,2,8.167499999999999,34.4215,-119.5965,ca_statewide_proxy,open_meteo_era5_archive
90/91,1990-11-01,1991-10-31,1991,CY1991,71007.0,271.5,271500000.0,193188395.0,71.16,2721.0,3824.0,California,CAC Industry Statistical Data spreadsheet,False,1990-11-01,1991-10-31,397.2,16.57123287671233,1385.48,23.5,12.471739130434784,18.557608695652178,214.69,60.3,14.839285714285714,20.946428571428577,82.54,285.5,14.358695652173912,19.43586956521739,387.86,10.7,20.42717391304348,24.61413043478261,466.35,17.2,21.070491803278685,26.15409836065573,234.03999999999996,0,8.084166666666667,34.4215,-119.5965,ca_statewide_proxy,open_meteo_era5_archive
91/92,1991-11-01,1992-10-31,1992,CY1992,69582.0,310.9,310900000.0,182596792.0,58.73,2624.0,4468.0,California,CAC Industry Statistical Data spreadsheet,False,1991-11-01,1992-10-31,538.4000000000001,17.620218579234972,1363.14,153.3,13.143478260869566,19.22826086956522,202.55,195.3,13.382758620689652,18.106896551724137,63.5,136.1,16.409782608695654,21.027173913043477,369.26,19.4,22.593478260869563,27.098913043478262,495.25000000000006,34.300000000000004,20.711475409836066,25.860655737704914,232.58,0,8.767768595041321,34.4215,-119.5965,ca_statewide_proxy,open_meteo_era5_archive
92/93,1992-11-01,1993-10-31,1993,CY1993,68159.0,569.8,569800000.0,117939346.0,20.7,1730.0,8360.0,California,CAC Industry Statistical Data spreadsheet,False,1992-11-01,1993-10-31,617.1,16.923835616438357,1375.36,334.9,12.067391304347826,17.146739130434785,172.07,186.1,11.189285714285717,15.125,53.81000000000001,86.89999999999999,16.938043478260873,22.35326086956522,412.04,2.9,21.375000000000004,25.902173913043473,496.74999999999994,6.3,20.145901639344263,25.622950819672138,240.69,0,8.073333333333334,34.4215,-119.5965,ca_statewide_proxy,open_meteo_era5_archive
93/94,1993-11-01,1994-10-31,1994,CY1994,66865.0,271.0,271000000.0,251086521.0,92.67,3755.0,4053.0,California,CAC Industry Statistical Data spreadsheet,False,1993-11-01,1994-10-31,312.6,17.119726027397256,1396.55,73.6,13.14891304347826,19.183695652173913,198.73,121.29999999999998,11.067857142857145,16.035714285714285,64.55,87.2,15.486956521739137,20.417391304347824,374.09,1.7999999999999998,22.971739130434784,27.64021739130435,524.54,28.7,19.522950819672133,24.61475409836066,234.64,0,8.22,34.4215,-119.5965,ca_statewide_proxy,open_meteo_era5_archive
94/95,1994-11-01,1995-10-31,1995,CY1995,61254.0,304.2,304200000.0,227313720.0,74.73,3711.0,4966.0,California,CAC Industry Statistical Data spreadsheet,False,1994-11-01,1995-10-31,727.3000000000001,16.859726027397258,1350.27,448.6,11.411956521739132,16.061956521739127,158.35000000000002,33.0,13.992857142857146,19.175,68.71000000000001,234.1,14.808695652173911,19.41086956521739,352.46999999999997,11.3,22.31847826086957,27.211956521739136,516.88,0.3,21.25245901639344,26.562295081967218,253.86,0,8.162500000000001,34.4215,-119.5965,ca_statewide_proxy,open_meteo_era5_archive
95/96,1995-11-01,1996-10-31,1996,CY1996,61125.0,340.4,340400000.0,235225728.0,69.1,3848.0,5569.0,California,CAC Industry Statistical Data spreadsheet,False,1995-11-01,1996-10-31,335.40000000000003,18.049726775956284,1441.72,95.7,14.30869565217391,19.81413043478261,194.08999999999995,122.29999999999998,12.96551724137931,17.248275862068965,58.36999999999999,64.9,17.14239130434783,22.60978260869565,431.41,3.9,23.097826086956523,27.64673913043479,515.16,48.6,19.863934426229505,24.973770491803275,242.69000000000003,0,10.016528925619834,34.4215,-119.5965,ca_statewide_proxy,open_meteo_era5_archive
96/97,1996-11-01,1997-10-31,1997,CY1997,60674.0,329.1,329100000.0,258991040.0,78.71,4269.0,5424.0,California,CAC Industry Statistical Data spreadsheet,False,1996-11-01,1997-10-31,313.0,17.810136986301373,1428.65,288.6,12.869565217391306,17.65108695652174,159.82000000000002,9.0,12.535714285714288,18.307142857142853,75.94,2.1,18.007608695652173,23.87282608695652,447.64,9.0,21.79673913043478,26.15652173913044,493.5,4.300000000000001,21.372131147540983,26.754098360655735,251.75000000000003,2,8.883333333333333,34.4215,-119.5965,ca_statewide_proxy,open_meteo_era5_archive
97/98,1997-11-01,1998-10-31,1998,CY1998,59895.0,304.9,304900000.0,261126590.0,85.64,4360.0,5091.0,California,CAC Industry Statistical Data spreadsheet,False,1997-11-01,1998-10-31,870.1,16.35287671232877,1274.39,243.4,12.877173913043478,17.788043478260864,169.28,402.7,11.042857142857144,14.907142857142857,51.66,190.9,13.76521739130435,18.19891304347826,333.27000000000004,5.6000000000000005,22.16304347826087,26.768478260869564,496.85,27.500000000000004,19.172131147540988,24.08196721311475,223.33,0,8.685833333333335,34.4215,-119.5965,ca_statewide_proxy,open_meteo_era5_archive
98/99,1998-11-01,1999-10-31,1999,CY1999,59385.0,271.5,271500000.0,328745982.0,121.09,5536.0,4572.0,California,CAC Industry Statistical Data spreadsheet,False,1998-11-01,1999-10-31,246.4,16.350136986301372,1368.35,101.5,12.513043478260863,18.248913043478264,191.53,13.4,11.85714285714286,17.267857142857142,70.35000000000001,125.8,13.871739130434785,18.791304347826088,366.92,4.5,21.39673913043478,26.02173913043478,496.2999999999999,1.2,20.32622950819672,25.821311475409836,243.25,0,8.05,34.4215,-119.5965,ca_statewide_proxy,open_meteo_era5_archive
99/00,1999-11-01,2000-10-31,2000,CY2000,58987.0,321.1,321100000.0,339443632.0,105.71,5755.0,5444.0,California,CAC Industry Statistical Data spreadsheet,False,1999-11-01,2000-10-31,379.3,17.29945355191257,1394.98,52.50000000000001,13.761956521739132,19.556521739130435,204.33,163.70000000000002,11.648275862068964,15.748275862068969,54.2,134.9,16.33695652173913,21.834782608695654,403.89,5.0,22.49347826086957,27.198913043478257,514.15,23.2,18.93934426229508,23.8672131147541,218.41,0,9.115702479338845,34.4215,-119.5965,ca_statewide_proxy,open_meteo_era5_archive
00/01,2000-11-01,2001-10-31,2001,CY2001,58601.0,422.3,422300000.0,314919286.0,74.57,5374.0,7206.0,California,CAC Industry Statistical Data spreadsheet,False,2000-11-01,2001-10-31,474.19999999999993,16.675890410958903,1357.7199999999998,112.4,12.12065217391304,18.257608695652173,196.38,148.1,9.896428571428572,14.396428571428572,53.87,192.5,15.48695652173913,20.62282608695652,377.59999999999985,13.3,22.195652173913043,26.704347826086952,503.03,7.9,20.12622950819672,24.99508196721311,226.84,0,7.103333333333334,34.4215,-119.5965,ca_statewide_proxy,open_meteo_era5_archive
01/02,2001-11-01,2002-10-31,2002,CY2002,58227.0,399.7,399700000.0,357785350.0,89.51,6145.0,6865.0,California,CAC Industry Statistical Data spreadsheet,False,2001-11-01,2002-10-31,168.9,16.352054794520548,1365.68,137.20000000000002,11.920652173913044,17.122826086956525,165.99,5.6,13.235714285714286,19.942857142857143,81.63999999999997,15.6,14.85108695652174,20.24347826086957,394.99,1.4,21.36413043478261,26.01630434782608,499.5499999999999,9.1,19.170491803278686,24.250819672131147,223.51,0,7.806666666666667,34.4215,-119.5965,ca_statewide_proxy,open_meteo_era5_archive
02/03,2002-11-01,2003-10-31,2003,CY2003,59326.0,335.2,335200000.0,363104986.0,108.32,6121.0,5650.0,California,CAC Industry Statistical Data spreadsheet,False,2002-11-01,2003-10-31,350.09999999999997,17.401095890410957,1379.88,151.6,13.498913043478264,19.33586956521739,182.2,59.0,12.085714285714284,17.435714285714287,67.92,116.8,15.095652173913043,20.296739130434784,382.7999999999999,10.3,22.620652173913044,27.335869565217383,503.68999999999994,12.4,21.33114754098361,26.524590163934427,243.27,0,8.753333333333334,34.4215,-119.5965,ca_statewide_proxy,open_meteo_era5_archive
03/04,2003-11-01,2004-10-31,2004,CY2004,60566.0,431.8,431800000.0,379846520.0,87.97,6272.0,7129.0,California,CAC Industry Statistical Data spreadsheet,False,2003-11-01,2004-10-31,305.09999999999997,16.979781420765026,1412.85,68.6,11.927173913043475,17.219565217391306,170.25000000000003,103.0,10.962068965517243,15.934482758620687,63.239999999999995,20.299999999999997,17.675,23.365217391304352,444.1500000000001,0.2,21.62391304347826,26.19347826086957,503.55999999999995,113.0,19.408196721311477,24.560655737704916,231.65000000000003,3,7.522314049586776,34.4215,-119.5965,ca_statewide_proxy,open_meteo_era5_archive
04/05,2004-11-01,2005-10-31,2005,CY2005,61712.0,300.4,300400000.0,275034420.0,91.55,4457.0,4868.0,California,CAC Industry Statistical Data spreadsheet,False,2004-11-01,2005-10-31,694.3,16.6413698630137,1333.29,421.8,12.10217391304348,17.322826086956525,166.51999999999998,143.10000000000002,11.960714285714284,16.664285714285715,54.18000000000001,93.4,15.69565217391304,20.723913043478262,380.29,0.5,21.99021739130435,26.475,498.7399999999999,35.5,18.995081967213117,24.427868852459017,233.56,1,7.973333333333333,34.4215,-119.5965,ca_statewide_proxy,open_meteo_era5_archive
05/06,2005-11-01,2006-10-31,2006,CY2006,62093.0,600.9,600900000.0,341175673.0,56.78,5495.0,9677.0,California,CAC Industry Statistical Data spreadsheet,False,2005-11-01,2006-10-31,436.6,17.0413698630137,1350.9,149.8,13.559782608695652,19.275,191.48,64.0,13.135714285714286,19.314285714285717,81.60000000000001,209.3,13.698913043478262,18.06086956521739,324.68,6.1000000000000005,23.47608695652174,28.330434782608695,516.0799999999999,7.4,19.42131147540984,25.001639344262298,237.05999999999997,0,8.87,34.4215,-119.5965,ca_statewide_proxy,open_meteo_era5_archive
06/07,2006-11-01,2007-10-31,2007,CY2007,64999.0,259.3,259300000.0,244911167.0,94.45,3768.0,3989.0,California,CAC Industry Statistical Data spreadsheet,False,2006-11-01,2007-10-31,141.6,17.482191780821918,1472.61,61.50000000000001,13.47173913043478,19.71630434782609,218.50999999999996,36.1,12.3,17.735714285714288,69.48,26.200000000000003,16.505434782608695,21.97391304347826,423.72,1.4,22.59891304347826,27.23478260869565,515.02,16.400000000000002,19.665573770491804,25.222950819672132,245.88,1,8.557500000000001,34.4215,-119.5965,ca_statewide_proxy,open_meteo_era5_archive
07/08,2007-11-01,2008-10-31,2008,CY2008,65497.0,328.8,328800000.0,327141689.0,99.5,4995.0,5020.0,California,CAC Industry Statistical Data spreadsheet,False,2007-11-01,2008-10-31,410.2999999999999,17.541530054644806,1486.17,338.69999999999993,12.432608695652174,17.82934782608696,187.13,50.1,11.524137931034485,16.910344827586208,69.1,18.0,16.377173913043478,22.286956521739125,442.12999999999994,1.6,23.166304347826095,27.948913043478264,524.73,1.9,21.380327868852454,27.404918032786885,263.08000000000004,1,7.861983471074381,34.4215,-119.5965,ca_statewide_proxy,open_meteo_era5_archive
08/09,2008-11-01,2009-10-31,2009,CY2009,64555.0,174.5,174500000.0,199625988.0,114.4,3092.0,2703.0,California,CAC Industry Statistical Data spreadsheet,False,2008-11-01,2009-10-31,291.79999999999995,17.41780821917808,1430.5800000000002,94.1,13.906521739130437,19.92717391304348,207.72000000000003,104.9,11.414285714285713,16.410714285714285,61.22,22.800000000000004,16.438043478260866,22.097826086956523,426.88,3.7,21.76630434782609,26.255434782608695,492.4200000000001,66.3,20.388524590163936,25.64262295081967,242.34,2,8.749166666666667,34.4215,-119.5965,ca_statewide_proxy,open_meteo_era5_archive
09/10,2009-11-01,2010-10-31,2010,CY2010,58268.0,534.5,534500000.0,402770893.0,75.35,6912.0,9173.0,California,CAC Industry Statistical Data spreadsheet,False,2009-11-01,2010-10-31,398.2999999999999,16.456986301369863,1360.5500000000002,204.2,12.55978260869565,18.16304347826087,179.15,83.2,11.875,16.70357142857143,59.98,61.5,14.90326086956522,20.355434782608697,399.17,0.3,21.11847826086956,25.59239130434783,492.36999999999995,49.1,19.750819672131147,24.749180327868853,229.87999999999997,0,8.123333333333333,34.4215,-119.5965,ca_statewide_proxy,open_meteo_era5_archive
10/11,2010-11-01,2011-10-31,2011,CY2011,57532.0,302.5,302500000.0,460209682.0,152.1,7999.0,5258.0,California,CAC Industry Statistical Data spreadsheet,False,2010-11-01,2011-10-31,534.6999999999999,16.700821917808224,1371.41,280.09999999999997,12.956521739130435,18.519565217391303,185.26,73.8,10.828571428571426,15.953571428571427,66.72,149.99999999999997,15.422826086956524,20.821739130434786,396.96,8.0,21.24673913043478,25.83043478260869,489.88,22.8,20.114754098360656,25.303278688524593,232.59,0,8.1925,34.4215,-119.5965,ca_statewide_proxy,open_meteo_era5_archive
11/12,2011-11-01,2012-10-31,2012,CY2012,59629.0,462.3,462300000.0,381852467.0,82.6,6404.0,7753.0,California,CAC Industry Statistical Data spreadsheet,False,2011-11-01,2012-10-31,232.6,17.340710382513663,1454.38,99.1,12.55108695652174,18.938043478260873,204.02999999999997,8.3,12.77241379310345,18.762068965517248,84.5,115.1,15.838043478260872,21.311956521739138,412.81,1.3,22.168478260869566,26.809782608695656,502.99000000000007,8.8,21.72131147540983,27.07540983606557,250.05,1,7.68099173553719,34.4215,-119.5965,ca_statewide_proxy,open_meteo_era5_archive
12/13,2012-11-01,2013-10-31,2013,CY2013,57838.0,500.2,500200000.0,435023142.0,87.0,7521.0,8648.0,California,CAC Industry Statistical Data spreadsheet,False,2012-11-01,2013-10-31,138.7,17.46027397260274,1461.52,88.0,12.529347826086957,17.85326086956522,181.77999999999997,8.6,11.835714285714287,18.07142857142857,79.44,24.8,17.40108695652174,22.918478260869566,437.12,11.8,22.43152173913044,27.15434782608696,506.99,5.5,20.070491803278685,25.921311475409833,256.19,1,7.793333333333334,34.4215,-119.5965,ca_statewide_proxy,open_meteo_era5_archive
13/14,2013-11-01,2014-10-31,2014,CY2014,57219.0,297.5,297500000.0,333216563.0,112.0,5823.0,5199.0,California,CAC Industry Statistical Data spreadsheet,False,2013-11-01,2014-10-31,178.10000000000002,18.58602739726027,1537.23,16.0,14.538043478260873,21.472826086956523,231.54,90.5,14.47142857142857,20.242857142857144,80.52999999999999,54.6,17.604347826086954,23.36304347826087,448.6700000000001,7.1,22.539130434782606,27.23695652173913,511.46,9.9,22.098360655737704,27.699999999999992,265.03,5,9.328333333333337,34.4215,-119.5965,ca_statewide_proxy,open_meteo_era5_archive
14/15,2014-11-01,2015-10-31,2015,CY2015,51478.0,279.0,279000000.0,303160400.0,108.6,5889.0,5420.0,California,CAC Industry Statistical Data spreadsheet,False,2014-11-01,2015-10-31,199.5,18.9386301369863,1473.66,110.8,14.590217391304348,20.35326086956522,197.37999999999997,24.300000000000004,15.403571428571423,21.485714285714288,81.97000000000001,34.3,17.32282608695652,22.89673913043478,427.77,11.0,23.286956521739125,28.11086956521739,512.98,19.1,22.998360655737702,28.58360655737705,253.56,0,10.091666666666669,34.4215,-119.5965,ca_statewide_proxy,open_meteo_era5_archive
15/16,2015-11-01,2016-10-31,2016,CY2016,51902.0,401.4,401400000.0,412332493.0,102.7,7944.0,7733.0,California,CAC Industry Statistical Data spreadsheet,False,2015-11-01,2016-10-31,262.70000000000005,18.1224043715847,1491.81,109.2,13.173913043478262,18.86521739130435,207.05999999999997,17.700000000000003,16.362068965517242,23.848275862068967,102.75999999999998,113.6,16.717391304347828,21.921739130434784,403.31000000000006,0.5,23.280434782608697,28.10108695652173,530.92,21.699999999999996,20.762295081967217,26.304918032786887,247.76,0,9.076033057851236,34.4215,-119.5965,ca_statewide_proxy,open_meteo_era5_archive
16/17,2016-11-01,2017-10-31,2017,CY2017,50856.0,215.9,215900000.0,345875896.0,160.2,6801.0,4245.0,California,CAC Industry Statistical Data spreadsheet,False,2016-11-01,2017-10-31,599.0999999999999,17.578904109589043,1300.26,324.3,13.670652173913044,18.68586956521739,185.01,200.1,13.153571428571428,16.4,50.63,62.1,16.70108695652174,21.282608695652176,386.14,6.1,21.206521739130434,25.447826086956525,437.91,6.5,21.357377049180332,26.000000000000007,240.57,0,9.777500000000002,34.4215,-119.5965,ca_statewide_proxy,open_meteo_era5_archive
17/18,2017-11-01,2018-10-31,2018,CY2018,49986.0,337.8,337800000.0,383129253.0,113.4,7665.0,6758.0,California,CAC Industry Statistical Data spreadsheet,False,2017-11-01,2018-10-31,266.3,17.84712328767123,1303.76,76.8,16.55108695652174,21.06413043478261,210.46,2.5999999999999996,13.882142857142856,18.46071428571428,84.57000000000001,152.3,15.368478260869566,19.441304347826087,342.34000000000003,6.1,21.571739130434786,25.676086956521736,452.3500000000001,28.5,19.742622950819673,24.12459016393442,214.04,0,12.0425,34.4215,-119.5965,ca_statewide_proxy,open_meteo_era5_archive
18/19,2018-11-01,2019-10-31,2019,CY2019,47158.0,216.6,216600000.0,372285783.0,171.8,7894.0,4594.0,California,CAC Industry Statistical Data spreadsheet,False,2018-11-01,2019-10-31,756.0,16.79808219178082,1253.04,369.0,14.682608695652176,18.78478260869565,189.48,216.00000000000003,10.375,13.964285714285715,56.870000000000005,165.5,14.99891304347826,18.95,332.81000000000006,3.8,19.92065217391304,23.966304347826092,419.03,1.7000000000000002,20.940983606557374,25.937704918032782,254.85,0,10.059166666666668,34.4215,-119.5965,ca_statewide_proxy,open_meteo_era5_archive
19/20,2019-11-01,2020-10-31,2020,CY2020,46078.0,375.5,375500000.0,411490578.0,109.6,8930.0,8149.0,California,CAC Industry Statistical Data spreadsheet,False,2019-11-01,2020-10-31,549.7,17.669398907103826,1321.81,233.8,14.34021739130435,18.659782608695647,195.49,6.9,14.137931034482756,18.696551724137933,83.58000000000001,285.1,15.960869565217392,19.99782608695652,355.22,21.699999999999996,20.74021739130435,25.189130434782605,448.92,2.2,22.314754098360652,27.039344262295085,238.6,0,10.412396694214875,34.4215,-119.5965,ca_statewide_proxy,open_meteo_era5_archive
20/21,2020-11-01,2021-10-31,2021,CY2021,47334.0,269.7,269700000.0,327605005.0,121.5,6921.0,5698.0,California,CAC Industry Statistical Data spreadsheet,False,2020-11-01,2021-10-31,231.9,17.076164383561643,1340.69,138.10000000000002,14.90978260869565,19.64130434782609,220.00999999999996,1.2,13.814285714285711,18.760714285714283,82.82000000000001,40.0,15.1195652173913,19.741304347826087,373.9500000000001,9.400000000000002,20.815217391304348,25.178260869565214,446.47,43.2,19.152459016393443,23.652459016393443,217.44000000000003,0,10.658333333333331,34.4215,-119.5965,ca_statewide_proxy,open_meteo_era5_archive
21/22,2021-11-01,2022-10-31,2022,CY2022,46727.0,276.1,276100000.0,486549026.0,176.2,10412.0,5909.0,California,CAC Industry Statistical Data spreadsheet,False,2021-11-01,2022-10-31,312.7,17.781643835616443,1333.1,225.9,14.252173913043476,18.571739130434786,177.99999999999997,1.8,14.139285714285714,19.775,90.31,52.5,16.444565217391304,21.195652173913043,398.83,2.3,21.321739130434786,25.620652173913047,449.45,30.199999999999996,21.45409836065574,25.68688524590164,216.51,0,10.3425,34.4215,-119.5965,ca_statewide_proxy,open_meteo_era5_archive
22/23,2022-11-01,2023-10-31,2023,CY2023,47505.0,233.1,233100000.0,237007667.0,101.7,4989.0,4907.0,California,CAC Industry Statistical Data spreadsheet,False,2022-11-01,2023-10-31,1031.1,16.018356164383565,1162.46,526.3,12.832608695652173,16.78586956521739,166.79000000000002,141.7,11.40357142857143,15.757142857142858,65.9,280.7,13.64347826086956,17.23586956521739,297.42,59.3,20.492391304347827,24.971739130434784,421.47,23.1,19.775409836065577,24.87049180327869,210.87999999999997,0,8.979166666666666,34.4215,-119.5965,ca_statewide_proxy,open_meteo_era5_archive
23/24,2023-11-01,2024-10-31,2024,CY2024,47988.0,363.6,363600000.0,523817252.0,144.1,10916.0,7577.0,California,CAC Industry Statistical Data spreadsheet,False,2023-11-01,2024-10-31,829.9000000000001,17.076775956284155,1254.13,273.09999999999997,14.218478260869569,19.40434782608696,184.55,347.79999999999995,12.00344827586207,16.348275862068963,57.959999999999994,206.5,14.118478260869566,18.773913043478263,323.11,1.7000000000000002,21.708695652173915,26.69130434782609,460.2600000000001,0.8,21.275409836065577,26.61803278688525,228.25,0,9.670247933884296,34.4215,-119.5965,ca_statewide_proxy,open_meteo_era5_archive
24/25,2024-11-01,2025-10-31,2025,CY2025,49245.0,325.6,325600000.0,470867543.0,144.6,9562.0,6612.0,California,CAC Industry Statistical Data spreadsheet,True,2024-11-01,2025-10-31,371.80000000000007,16.918356164383564,1242.36,40.6,13.884782608695652,18.938043478260873,191.56,118.8,14.14642857142857,18.796428571428574,68.88,120.4,14.956521739130435,19.418478260869566,331.65000000000003,0.5,20.616304347826087,25.1445652173913,442.83,91.5,20.147540983606557,24.575409836065575,207.44000000000003,0,9.864166666666666,34.4215,-119.5965,ca_statewide_proxy,open_meteo_era5_archive
