Date,Buyer,Fruit,Price per lb,Pounds,Total,,
8/4/2022,,Avocado ,$1.85,286,$529.10,,
8/4/2022,,Passionfruit,$3.00,30,$90.00,,
8/4/2022,,Passionfruit,$2.00,15,$30.00,,
8/12/2022,,Avocado,$1.25,449,$561.25,,
8/12/2022,,Passionfruit,$3.00,84,$252.00,,
8/12/2022,,Passionfruit,$2.00,71,$142.00,,
8/12/2022,,Passionfruit,$1.00,20,$20.00,,
8/13/2022,,Passionfruit,$3.00,60,$180.00,,
8/13/2022,,Passionfruit,$1.00,12,$12.00,,
8/19/2022,,Dragonfruit,$3.00,37,$111.00,,
8/19/2022,,Dragonfruit,$2.00,18,$36.00,,
8/19/2022,,Melon,$2.00,20,$40.00,,
8/19/2022,,Passionfruit,$3.00,175,$525.00,,
8/19/2022,,Passionfruit,$2.00,54,$108.00,,
8/19/2022,,Passionfruit,$1.00,46,$46.00,,
8/26/2022,,Dragonfruit,$3.00,19,$57.00,,
8/26/2022,,Dragonfruit,$2.00,15,$30.00,,
8/26/2022,,Passionfruit,$3.00,296,$888.00,,
8/26/2022,,Passionfruit,$2.00,63,$126.00,,
8/26/2022,,Passionfruit,$1.00,63,$63.00,,
9/2/2022,,Chiles,$2.00,16,$32.00,,
9/2/2022,,Mix,$2.50,21,$52.50,,
9/2/2022,,Passionfruit,$3.00,416,"$1,248.00",,
9/2/2022,,Passionfruit,$2.00,48,$96.00,,
9/2/2022,,Passionfruit,$1.00,88,$88.00,,
9/6/2022,,Passionfruit,$2.25,500,"$1,125.00",,
9/9/2022,Vítor,Passionfruit,$1.00,125,$125.00,,
9/9/2022,,Chiles,$2.00,24,$48.00,,
9/9/2022,,Dragonfruit,$3.00,57,$171.00,,
9/9/2022,,Dragonfruit,$2.00,23,$46.00,,
9/9/2022,,Passionfruit,$3.00,461,"$1,383.00",,
9/9/2022,,Passionfruit,$2.00,137,$274.00,,
9/14/2022,Vitor,Passionfruit,$2.25,250,$562.50,,
9/14/2022,Vitor,Passionfruit,$1.00,50,$50.00,,
9/17/2022,Cesillo,chiles,$2.00,54,$108.00,,
9/17/2022,Cesillo,Dragonfruit,$3.00,95,$285.00,,
9/17/2022,Cesillo,Dragonfruit,$2.00,39,$78.00,,
9/17/2022,Cesillo,Passionfruit,$3.00,491,"$1,473.00",,
9/17/2022,Cesillo,Passionfruit,$2.00,42,$84.00,,
9/17/2022,Jesus,chiles,$2.00,30,$60.00,,
9/17/2022,Jesus,Dragonfruit,$3.00,30,$90.00,,
9/17/2022,Jesus,Dragonfruit,$2.00,30,$60.00,,
9/17/2022,Jesus,Passionfruit,$3.00,25,$75.00,,
9/17/2022,Jesus,Passionfruit,$2.00,25,$50.00,,
9/17/2022,Vitor,Passionfruit,$1.00,100,$100.00,,
9/20/2022,Cesillo ,Passionfruit,$3.00,250,$750.00,,
9/20/2022,Cesillo ,Passionfruit,$2.00,25,$50.00,,
9/21/2022,Vítor ,Passionfruit ,$2.25,300,$675.00,,
9/21/2022,Vítor ,Passionfruit ,$1.00,75,$75.00,,
9/23/2022,Cesillo ,chiles,$2.00,88,$176.00,,
9/23/2022,Cesillo ,Dragonfruit,$2.00,38,$76.00,,
9/23/2022,Cesillo ,Passionfruit,$3.00,300,$900.00,,
9/23/2022,Cesillo ,Passionfruit ,$2.00,25,$50.00,,
9/23/2022,Cesillo ,Passionfruit ,$1.00,50,$50.00,,
9/23/2022,Cesillo ,Pepi,$1.00,19,$19.00,,
9/23/2022,Cesillo ,Pepi ,$2.00,47,$94.00,,
9/23/2022,Jesus,chiles,$2.00,60,$120.00,,
9/23/2022,Jesus,Dragonfruit,$3.00,60,$180.00,,
9/23/2022,Jesus,Dragonfruit,$2.00,33,$66.00,,
9/23/2022,Jesus,Passionfruit,$2.00,25,$50.00,,
9/27/2022,,Passionfruit,$3.00,300,$900.00,,
9/27/2022,,Passionfruit,$2.00,150,$300.00,,
9/27/2022,,Passionfruit,$1.00,25,$25.00,,
9/28/2022,,Passionfruit,$2.25,300,$675.00,,
9/28/2022,,Passionfruit,$1.50,25,$37.50,,
9/28/2022,,Passionfruit,$1.00,75,$75.00,,
10/5/2022,,Passionfruit,$2.25,300,$675.00,,
10/5/2022,,Passionfruit,$1.00,75,$75.00,,
10/7/2022,Cesillo,chiles,$2.50,37,$92.50,,
10/7/2022,Cesillo,chiles,$1.50,26,$39.00,,
10/7/2022,Cesillo,Chiles,$2.00,88,$176.00,,
10/7/2022,Cesillo,Dragonfruit,$2.00,55,$110.00,,
10/7/2022,Cesillo,Passionfruit,$3.00,348,"$1,044.00",,
10/7/2022,Cesillo,Passionfruit,$1.00,50,$50.00,,
10/7/2022,Jesus,Chiles,$2.00,65,$130.00,,
10/7/2022,Jesus,Dragonfruit,$2.00,56,$112.00,,
10/7/2022,Jesus,Passionfruit,$3.00,25,$75.00,,
10/7/2022,Jesus,Passionfruit,$2.00,25,$50.00,,
10/10/2022,Cesar,Passionfruit,$3.00,300,$900.00,,
10/11/2022,Cesillo,Passionfruit,$3.00,250,$750.00,,
10/11/2022,Vitor,Passionfruit,$2.25,75,$168.75,,
10/11/2022,Vitor,Passionfruit,$1.50,50,$75.00,,
10/11/2022,Vitor,Passionfruit,$1.00,125,$125.00,,
10/12/2022,Vitor,Passionfruit,$2.25,132,$297.00,,
10/12/2022,Vitor,Passionfruit,$1.00,42,$42.00,,
10/14/2022,?,Passionfruit,$3.00,125,$375.00,,
10/14/2022,?,Passionfruit,$1.00,25,$25.00,,
10/14/2022,Cesillo,Chile,$2.00,110,$220.00,,
10/14/2022,Cesillo,Dragonfruit,$2.00,20,$40.00,,
10/14/2022,Cesillo,Passionfruit,$3.00,350,"$1,050.00",,
10/14/2022,Cesillo,Passionfruit,$2.00,64,$128.00,,
10/14/2022,Cesillo,Passionfruit,$1.00,75,$75.00,,
10/14/2022,Cesillo,Peo,$2.50,48,$120.00,,
10/14/2022,Cesillo,Peo,$1.50,27,$40.50,,
10/18/2022,Cesar,Passionfruit,$3.00,400,"$1,200.00",,
10/18/2022,Cesillo,Passionfruit,$3.00,250,$750.00,,
10/18/2022,Vitor,Passionfruit,$1.00,200,$200.00,,
10/19/2022,Vitor,Passionfruit,$2.50,250,$625.00,,
10/19/2022,Vitor,Passionfruit,$1.50,25,$37.50,,
10/19/2022,Vitor,Passionfruit,$1.00,50,$50.00,,
10/21/2022,Cesar,Passionfruit,$3.00,200,$600.00,,
10/21/2022,Cesillo,Passionfruit,$3.00,375,"$1,125.00",,
10/21/2022,Jose,Passionfruit,$3.00,250,$750.00,,
10/21/2022,Vitor,mix,$1.50,575,$862.50,,
10/21/2022,Vitor,Passionfruit,$1.00,200,$200.00,,
10/21/2022,Vitor,Passionfruit,$1.50,47,$70.50,,
10/24/2022,Cesar,Passionfruit,$3.00,420,"$1,260.00",,
10/24/2022,Cesar,Passionfruit,$1.00,180,$180.00,,
10/26/2022,Cesillo,Passionfruit,$3.00,200,$600.00,,
10/26/2022,Jesus,Chiles,$2.00,55,$110.00,,
10/26/2022,Jesus,Dragonfruit,$3.00,11,$33.00,,
10/26/2022,Jesus,Dragonfruit,$2.00,5,$10.00,,
10/26/2022,Jesus,Passionfruit,$2.00,50,$100.00,,
10/27/2022,Cesar,Passionfruit,$3.00,100,$300.00,,
10/27/2022,Cesar,Passionfruit,$2.00,160,$320.00,,
10/27/2022,Vitor,Passionfruit,$1.50,60,$90.00,,
10/27/2022,Vitor,Passionfruit,$1.00,100,$100.00,,
10/27/2022,Vitor,passionfruit green,$1.50,40,$60.00,,
11/2/2022,vitor,Passionfruit,$2.50,26,$65.00,,
11/2/2022,vitor,Passionfruit,$1.00,175,$175.00,,
11/2/2022,vitor,passionfruit green,$1.50,81,$121.50,,
11/3/2022,cesar,Passionfruit,$3.00,140,$420.00,,
11/3/2022,cesar,Passionfruit,$1.00,100,$100.00,,
11/3/2022,cesillo,chiles,$2.00,55,$110.00,,
11/3/2022,cesillo,Passionfruit,$3.00,325,$975.00,,
11/10/2022,cesar,chiles,$2.00,25,$50.00,,
11/10/2022,cesar,dragonfruit,$3.00,81,$243.00,,
11/10/2022,cesillo,chiles,$2.00,34,$68.00,,
11/10/2022,cesillo,Passionfruit,$3.00,250,$750.00,,
11/10/2022,cesillo,Passionfruit,$2.00,50,$100.00,,
11/10/2022,vitor,Passionfruit,$1.50,25,$37.50,,
11/10/2022,vitor,Passionfruit,$1.00,150,$150.00,,
11/10/2022,vitor,passionfruit green,$1.50,96,$144.00,,
11/17/2022,cesar,chiles,$2.00,24,$48.00,,
11/17/2022,cesar,Passionfruit,$1.00,175,$175.00,,
11/17/2022,cesillo,Passionfruit,$3.00,200,$600.00,,
11/17/2022,cesillo,Passionfruit,$2.00,100,$200.00,,
11/17/2022,jesus,chiles,$2.00,21,$42.00,,
11/17/2022,jesus,Passionfruit,$2.00,50,$100.00,,
11/17/2022,vitor,Passionfruit,$1.00,95,$95.00,,
11/17/2022,vitor,passionfruit green,$1.50,200,$300.00,,
11/25/2022,Cesillo,passionfruit,$3.00,300,$900.00,,
11/25/2022,vitor,passionfruit green,$2.00,161,$322.00,,
11/25/2022,vitor,,$1.00,91,$91.00,,
11/25/2022,vitor,,$1.50,50,$75.00,,
11/25/2022,,passionfruit,$3.00,72,$216.00,,
11/25/2022,,passionfruit,$2.00,25,$50.00,,
12/1/2022,Cesillo,mix,$2.25,500,"$1,125.00",,
12/1/2022,Jose,mix,$2.25,50,$112.50,,
12/1/2022,vitor,mix,$2.00,300,$600.00,,
12/7/2022,Cesillo,passionfruit,$3.00,211,$633.00,,
12/7/2022,vitor,passionfruit green,$1.50,200,$300.00,,
12/7/2022,vitor,,$1.00,75,$75.00,,
12/17/2022,Cesillo,passionfruit,$2.50,275,$687.50,,
12/17/2022,,mix,$2.50,50,$125.00,,
12/22/2022,Cesillo,passionfruit,$2.00,250,$500.00,,
12/22/2022,vitor,passionfruit green,$1.50,50,$75.00,,
12/26/2022,,passionfruit,$2.50,250,$625.00,,
12/26/2022,,passionfruit green,$1.50,25,$37.50,,
1/2/2023,Cesillo,passionfruit,$2.00,500,"$1,000.00",,
,,,,,$0.00,,if all pounds sold at $3:
Total Revenue Receipts,,,$2.04,20364,"$46,265.60",,"$61,092.00"
,,,,,,,
Sales by Fruit,,,,,,,
Passionfruit,"$28,493.75","$36,919.75",,,,,
Dragonfruit,"$7,308.00","$1,834.00",,,,,
Chile,"$3,164.25","$1,629.50",,,,,
Mix,$435.00,"$2,877.50",,,,,
Passionfruit green,"$3,111.50","$1,360.00",,,,,
Other,"$3,753.10","$1,644.85",,,,,
,,,,,,,
Sales by Customer,,,,Avg Price Paid/Lb,,,
Cesar,"$2,063.25","$5,796.00",,$2.02,,,
Cesillo,"$12,209.00","$18,251.50",,$2.12,,,
Jesus,"$4,691.00","$1,513.00",,$1.95,,,
Jose,"$1,650.00",$862.50,,$3.00,,,
Vitor,"$12,254.75","$7,216.75",,$2.04,Is Vitor ALWAYS buying the crappy fruit? ,,
Unknown,"$12,778.50","$12,225.85",NOTE: Can Armando make sure to note buyer on receipts?,,,,
,,,,,,,
Deposits to Heather,,,,,,,
10/1/2022,"$13,242.00",,,,,,
10/29/2022,20137,($260 off at this deposit),,,,,
11/28/22,7486,($500 off at this deposit),,,,,
12/23/22,4247,($1154 off by this deposit),,,,,
Total Deposits,"$45,112.00",,,,,,
,,,,,,,
,,,,,,,
Unaccounted for:,"$1,153.60",(gas? other cash expenses?),,,,,