year,product,total_lbs,total_revenue,avg_price_per_lb
2022,Chiles,812.0,1629.5,2.0068
2022,Dragonfruit,722.0,1834.0,2.5402
2022,Melon,20.0,40.0,2.0
2022,Mix,1496.0,2877.5,1.9235
2022,Other,141.0,273.5,1.9397
2022,Passionfruit,15722.0,37279.75,2.3712
2023,Chiles,475.0,973.0,2.0484
2023,Dragonfruit,99.0,346.5,3.5
2023,Lemons,903.0,6308.0,6.9856
2023,Mix,2023.0,4078.5,2.0161
2023,Other,2.0,120.0,60.0
2023,Passionfruit,8740.0,24223.0,2.7715
2024,Chiles,1050.0,2438.75,2.3226
2024,Lemons,369.0,7176.0,19.4472
2024,Oranges,3.0,39.0,13.0
2024,Passionfruit,30434.0,84832.45,2.7874
2025,Chiles,324.0,753.75,2.3264
2025,Lemons,160.0,2400.0,15.0
2025,Passionfruit,20734.0,53761.5,2.5929
2026,Chiles,68.0,270.0,3.9706
2026,Passionfruit,912.0,3217.5,3.528
