imported_at,date,year,channel,fruit_type,quantity,unit,revenue,price_per_lb,source_sheet
2026-07-29 10:17:14,2022-08-04,2022,Unknown,Passionfruit,30.0,lb,90.0,3.0,2022
2026-07-29 10:17:14,2022-08-04,2022,Unknown,Passionfruit,15.0,lb,30.0,2.0,2022
2026-07-29 10:17:14,2022-08-12,2022,Unknown,Passionfruit,84.0,lb,252.0,3.0,2022
2026-07-29 10:17:14,2022-08-12,2022,Unknown,Passionfruit,71.0,lb,142.0,2.0,2022
2026-07-29 10:17:14,2022-08-12,2022,Unknown,Passionfruit,20.0,lb,20.0,1.0,2022
2026-07-29 10:17:14,2022-08-13,2022,Unknown,Passionfruit,60.0,lb,180.0,3.0,2022
2026-07-29 10:17:14,2022-08-13,2022,Unknown,Passionfruit,12.0,lb,12.0,1.0,2022
2026-07-29 10:17:14,2022-08-19,2022,Unknown,Passionfruit,175.0,lb,525.0,3.0,2022
2026-07-29 10:17:14,2022-08-19,2022,Unknown,Passionfruit,54.0,lb,108.0,2.0,2022
2026-07-29 10:17:14,2022-08-19,2022,Unknown,Passionfruit,46.0,lb,46.0,1.0,2022
2026-07-29 10:17:14,2022-08-26,2022,Unknown,Passionfruit,296.0,lb,888.0,3.0,2022
2026-07-29 10:17:14,2022-08-26,2022,Unknown,Passionfruit,63.0,lb,126.0,2.0,2022
2026-07-29 10:17:14,2022-08-26,2022,Unknown,Passionfruit,63.0,lb,63.0,1.0,2022
2026-07-29 10:17:14,2022-09-02,2022,Unknown,Passionfruit,416.0,lb,1248.0,3.0,2022
2026-07-29 10:17:14,2022-09-02,2022,Unknown,Passionfruit,48.0,lb,96.0,2.0,2022
2026-07-29 10:17:14,2022-09-02,2022,Unknown,Passionfruit,88.0,lb,88.0,1.0,2022
2026-07-29 10:17:14,2022-09-06,2022,Unknown,Passionfruit,500.0,lb,1125.0,2.25,2022
2026-07-29 10:17:14,2022-09-09,2022,Vítor,Passionfruit,125.0,lb,125.0,1.0,2022
2026-07-29 10:17:14,2022-09-09,2022,Unknown,Passionfruit,461.0,lb,1383.0,3.0,2022
2026-07-29 10:17:14,2022-09-09,2022,Unknown,Passionfruit,137.0,lb,274.0,2.0,2022
2026-07-29 10:17:14,2022-09-14,2022,Vitor,Passionfruit,250.0,lb,562.5,2.25,2022
2026-07-29 10:17:14,2022-09-14,2022,Vitor,Passionfruit,50.0,lb,50.0,1.0,2022
2026-07-29 10:17:14,2022-09-17,2022,Cesillo,Passionfruit,491.0,lb,1473.0,3.0,2022
2026-07-29 10:17:14,2022-09-17,2022,Cesillo,Passionfruit,42.0,lb,84.0,2.0,2022
2026-07-29 10:17:14,2022-09-17,2022,Jesus,Passionfruit,25.0,lb,75.0,3.0,2022
2026-07-29 10:17:14,2022-09-17,2022,Jesus,Passionfruit,25.0,lb,50.0,2.0,2022
2026-07-29 10:17:14,2022-09-17,2022,Vitor,Passionfruit,100.0,lb,100.0,1.0,2022
2026-07-29 10:17:14,2022-09-20,2022,Cesillo,Passionfruit,250.0,lb,750.0,3.0,2022
2026-07-29 10:17:14,2022-09-20,2022,Cesillo,Passionfruit,25.0,lb,50.0,2.0,2022
2026-07-29 10:17:14,2022-09-21,2022,Vítor,Passionfruit,300.0,lb,675.0,2.25,2022
2026-07-29 10:17:14,2022-09-21,2022,Vítor,Passionfruit,75.0,lb,75.0,1.0,2022
2026-07-29 10:17:14,2022-09-23,2022,Cesillo,Passionfruit,300.0,lb,900.0,3.0,2022
2026-07-29 10:17:14,2022-09-23,2022,Cesillo,Passionfruit,25.0,lb,50.0,2.0,2022
2026-07-29 10:17:14,2022-09-23,2022,Cesillo,Passionfruit,50.0,lb,50.0,1.0,2022
2026-07-29 10:17:14,2022-09-23,2022,Jesus,Passionfruit,25.0,lb,50.0,2.0,2022
2026-07-29 10:17:14,2022-09-27,2022,Unknown,Passionfruit,300.0,lb,900.0,3.0,2022
2026-07-29 10:17:14,2022-09-27,2022,Unknown,Passionfruit,150.0,lb,300.0,2.0,2022
2026-07-29 10:17:14,2022-09-27,2022,Unknown,Passionfruit,25.0,lb,25.0,1.0,2022
2026-07-29 10:17:14,2022-09-28,2022,Unknown,Passionfruit,300.0,lb,675.0,2.25,2022
2026-07-29 10:17:14,2022-09-28,2022,Unknown,Passionfruit,25.0,lb,37.5,1.5,2022
2026-07-29 10:17:14,2022-09-28,2022,Unknown,Passionfruit,75.0,lb,75.0,1.0,2022
2026-07-29 10:17:14,2022-10-05,2022,Unknown,Passionfruit,300.0,lb,675.0,2.25,2022
2026-07-29 10:17:14,2022-10-05,2022,Unknown,Passionfruit,75.0,lb,75.0,1.0,2022
2026-07-29 10:17:14,2022-10-07,2022,Cesillo,Passionfruit,348.0,lb,1044.0,3.0,2022
2026-07-29 10:17:14,2022-10-07,2022,Cesillo,Passionfruit,50.0,lb,50.0,1.0,2022
2026-07-29 10:17:14,2022-10-07,2022,Jesus,Passionfruit,25.0,lb,75.0,3.0,2022
2026-07-29 10:17:14,2022-10-07,2022,Jesus,Passionfruit,25.0,lb,50.0,2.0,2022
2026-07-29 10:17:14,2022-10-10,2022,Cesar,Passionfruit,300.0,lb,900.0,3.0,2022
2026-07-29 10:17:14,2022-10-11,2022,Cesillo,Passionfruit,250.0,lb,750.0,3.0,2022
2026-07-29 10:17:14,2022-10-11,2022,Vitor,Passionfruit,75.0,lb,168.75,2.25,2022
2026-07-29 10:17:14,2022-10-11,2022,Vitor,Passionfruit,50.0,lb,75.0,1.5,2022
2026-07-29 10:17:14,2022-10-11,2022,Vitor,Passionfruit,125.0,lb,125.0,1.0,2022
2026-07-29 10:17:14,2022-10-12,2022,Vitor,Passionfruit,132.0,lb,297.0,2.25,2022
2026-07-29 10:17:14,2022-10-12,2022,Vitor,Passionfruit,42.0,lb,42.0,1.0,2022
2026-07-29 10:17:14,2022-10-14,2022,?,Passionfruit,125.0,lb,375.0,3.0,2022
2026-07-29 10:17:14,2022-10-14,2022,?,Passionfruit,25.0,lb,25.0,1.0,2022
2026-07-29 10:17:14,2022-10-14,2022,Cesillo,Passionfruit,350.0,lb,1050.0,3.0,2022
2026-07-29 10:17:14,2022-10-14,2022,Cesillo,Passionfruit,64.0,lb,128.0,2.0,2022
2026-07-29 10:17:14,2022-10-14,2022,Cesillo,Passionfruit,75.0,lb,75.0,1.0,2022
2026-07-29 10:17:14,2022-10-18,2022,Cesar,Passionfruit,400.0,lb,1200.0,3.0,2022
2026-07-29 10:17:14,2022-10-18,2022,Cesillo,Passionfruit,250.0,lb,750.0,3.0,2022
2026-07-29 10:17:14,2022-10-18,2022,Vitor,Passionfruit,200.0,lb,200.0,1.0,2022
2026-07-29 10:17:14,2022-10-19,2022,Vitor,Passionfruit,250.0,lb,625.0,2.5,2022
2026-07-29 10:17:14,2022-10-19,2022,Vitor,Passionfruit,25.0,lb,37.5,1.5,2022
2026-07-29 10:17:14,2022-10-19,2022,Vitor,Passionfruit,50.0,lb,50.0,1.0,2022
2026-07-29 10:17:14,2022-10-21,2022,Cesar,Passionfruit,200.0,lb,600.0,3.0,2022
2026-07-29 10:17:14,2022-10-21,2022,Cesillo,Passionfruit,375.0,lb,1125.0,3.0,2022
2026-07-29 10:17:14,2022-10-21,2022,Jose,Passionfruit,250.0,lb,750.0,3.0,2022
2026-07-29 10:17:14,2022-10-21,2022,Vitor,Passionfruit,200.0,lb,200.0,1.0,2022
2026-07-29 10:17:14,2022-10-21,2022,Vitor,Passionfruit,47.0,lb,70.5,1.5,2022
2026-07-29 10:17:14,2022-10-24,2022,Cesar,Passionfruit,420.0,lb,1260.0,3.0,2022
2026-07-29 10:17:14,2022-10-24,2022,Cesar,Passionfruit,180.0,lb,180.0,1.0,2022
2026-07-29 10:17:14,2022-10-26,2022,Cesillo,Passionfruit,200.0,lb,600.0,3.0,2022
2026-07-29 10:17:14,2022-10-26,2022,Jesus,Passionfruit,50.0,lb,100.0,2.0,2022
2026-07-29 10:17:14,2022-10-27,2022,Cesar,Passionfruit,100.0,lb,300.0,3.0,2022
2026-07-29 10:17:14,2022-10-27,2022,Cesar,Passionfruit,160.0,lb,320.0,2.0,2022
2026-07-29 10:17:14,2022-10-27,2022,Vitor,Passionfruit,60.0,lb,90.0,1.5,2022
2026-07-29 10:17:14,2022-10-27,2022,Vitor,Passionfruit,100.0,lb,100.0,1.0,2022
2026-07-29 10:17:14,2022-10-27,2022,Vitor,Green Passion,40.0,lb,60.0,1.5,2022
2026-07-29 10:17:14,2022-11-02,2022,vitor,Passionfruit,26.0,lb,65.0,2.5,2022
2026-07-29 10:17:14,2022-11-02,2022,vitor,Passionfruit,175.0,lb,175.0,1.0,2022
2026-07-29 10:17:14,2022-11-02,2022,vitor,Green Passion,81.0,lb,121.5,1.5,2022
2026-07-29 10:17:14,2022-11-03,2022,cesar,Passionfruit,140.0,lb,420.0,3.0,2022
2026-07-29 10:17:14,2022-11-03,2022,cesar,Passionfruit,100.0,lb,100.0,1.0,2022
2026-07-29 10:17:14,2022-11-03,2022,cesillo,Passionfruit,325.0,lb,975.0,3.0,2022
2026-07-29 10:17:14,2022-11-10,2022,cesillo,Passionfruit,250.0,lb,750.0,3.0,2022
2026-07-29 10:17:14,2022-11-10,2022,cesillo,Passionfruit,50.0,lb,100.0,2.0,2022
2026-07-29 10:17:14,2022-11-10,2022,vitor,Passionfruit,25.0,lb,37.5,1.5,2022
2026-07-29 10:17:14,2022-11-10,2022,vitor,Passionfruit,150.0,lb,150.0,1.0,2022
2026-07-29 10:17:14,2022-11-10,2022,vitor,Green Passion,96.0,lb,144.0,1.5,2022
2026-07-29 10:17:14,2022-11-17,2022,cesar,Passionfruit,175.0,lb,175.0,1.0,2022
2026-07-29 10:17:14,2022-11-17,2022,cesillo,Passionfruit,200.0,lb,600.0,3.0,2022
2026-07-29 10:17:14,2022-11-17,2022,cesillo,Passionfruit,100.0,lb,200.0,2.0,2022
2026-07-29 10:17:14,2022-11-17,2022,jesus,Passionfruit,50.0,lb,100.0,2.0,2022
2026-07-29 10:17:14,2022-11-17,2022,vitor,Passionfruit,95.0,lb,95.0,1.0,2022
2026-07-29 10:17:14,2022-11-17,2022,vitor,Green Passion,200.0,lb,300.0,1.5,2022
2026-07-29 10:17:14,2022-11-25,2022,Cesillo,passionfruit,300.0,lb,900.0,3.0,2022
2026-07-29 10:17:14,2022-11-25,2022,vitor,Green Passion,161.0,lb,322.0,2.0,2022
2026-07-29 10:17:14,2022-11-25,2022,Unknown,passionfruit,72.0,lb,216.0,3.0,2022
2026-07-29 10:17:14,2022-11-25,2022,Unknown,passionfruit,25.0,lb,50.0,2.0,2022
2026-07-29 10:17:14,2022-12-07,2022,Cesillo,passionfruit,211.0,lb,633.0,3.0,2022
2026-07-29 10:17:14,2022-12-07,2022,vitor,Green Passion,200.0,lb,300.0,1.5,2022
2026-07-29 10:17:14,2022-12-17,2022,Cesillo,passionfruit,275.0,lb,687.5,2.5,2022
2026-07-29 10:17:14,2022-12-22,2022,Cesillo,passionfruit,250.0,lb,500.0,2.0,2022
2026-07-29 10:17:14,2022-12-22,2022,vitor,Green Passion,50.0,lb,75.0,1.5,2022
2026-07-29 10:17:14,2022-12-26,2022,Unknown,passionfruit,250.0,lb,625.0,2.5,2022
2026-07-29 10:17:14,2022-12-26,2022,Unknown,Green Passion,25.0,lb,37.5,1.5,2022
2026-07-29 10:17:14,2023-01-02,2023,Cesillo,passionfruit,500.0,lb,1000.0,2.0,2022
2026-07-29 10:17:14,2023-02-09,2023,cecilio,passionfruit,29.0,lb,58.0,2.0,2023
2026-07-29 10:17:14,2023-02-18,2023,cecilio,passionfruit,120.0,lb,240.0,2.0,2023
2026-07-29 10:17:14,2023-03-04,2023,cecilio,passionfruit,90.0,lb,180.0,2.0,2023
2026-07-29 10:17:14,2023-03-17,2023,jose,passionfruit,380.0,lb,950.0,2.5,2023
2026-07-29 10:17:14,2023-03-18,2023,cesar,passionfruit,180.0,lb,450.0,2.5,2023
2026-07-29 10:17:14,2023-03-25,2023,cesar,passionfruit,200.0,lb,500.0,2.5,2023
2026-07-29 10:17:14,2023-03-24,2023,jose,passionfruit,100.0,lb,250.0,2.5,2023
2026-07-29 10:17:14,2023-03-30,2023,cesar,passionfruit,250.0,lb,625.0,2.5,2023
2026-07-29 10:17:14,2023-03-30,2023,jose,passionfruit,125.0,lb,312.5,2.5,2023
2026-07-29 10:17:14,2023-04-06,2023,cesar,passionfruit,250.0,lb,625.0,2.5,2023
2026-07-29 10:17:14,2023-04-06,2023,jose,passionfruit,50.0,lb,125.0,2.5,2023
2026-07-29 10:17:14,2023-09-13,2023,cecilio,passionfruit,45.0,lb,135.0,3.0,2023
2026-07-29 10:17:14,2023-09-14,2023,cecilio,passionfruit,24.0,lb,72.0,3.0,2023
2026-07-29 10:17:14,2023-09-06,2023,cecilio,passionfruit,111.0,lb,333.0,3.0,2023
2026-07-29 10:17:14,2023-09-24,2023,cecilio,passionfruit,125.0,lb,375.0,3.0,2023
2026-07-29 10:17:14,2023-09-24,2023,cecilio,Yellow Passion,11.0,lb,38.5,3.5,2023
2026-07-29 10:17:14,2023-10-01,2023,cecilio,passionfruit,200.0,lb,600.0,3.0,2023
2026-07-29 10:17:14,2023-10-01,2023,cecilio,Yellow Passion,110.0,lb,385.0,3.5,2023
2026-07-29 10:17:14,2023-10-03,2023,jose,Yellow Passion,75.0,lb,300.0,4.0,2023
2026-07-29 10:17:14,2023-10-03,2023,cecilio,Yellow Passion,21.0,lb,73.5,3.5,2023
2026-07-29 10:17:14,2023-10-03,2023,cecilio,passionfruit,69.0,lb,207.0,3.0,2023
2026-07-29 10:17:14,2023-10-07,2023,cecilio,passionfruit,200.0,lb,600.0,3.0,2023
2026-07-29 10:17:14,2023-10-07,2023,cecilio,Yellow Passion,100.0,lb,350.0,3.5,2023
2026-07-29 10:17:14,2023-10-09,2023,cecilio,passionfruit,125.0,lb,375.0,3.0,2023
2026-07-29 10:17:14,2023-10-09,2023,cecilio,Yellow Passion,50.0,lb,175.0,3.5,2023
2026-07-29 10:17:14,2023-10-15,2023,cecilio,passionfruit,225.0,lb,675.0,3.0,2023
2026-07-29 10:17:14,2023-10-15,2023,cecilio,Yellow Passion,110.0,lb,385.0,3.5,2023
2026-07-29 10:17:14,2023-10-15,2023,vitor,passionfruit,70.0,lb,210.0,3.0,2023
2026-07-29 10:17:14,2023-10-15,2023,vitor,Yellow Passion,40.0,lb,140.0,3.5,2023
2026-07-29 10:17:14,2023-11-21,2023,tiendita,passionfruit,150.0,lb,450.0,3.0,2023
2026-07-29 10:17:14,2023-11-21,2023,tiendita,Yellow Passion,50.0,lb,175.0,3.5,2023
2026-07-29 10:17:14,2023-11-22,2023,cecilio,passionfruit,125.0,lb,375.0,3.0,2023
2026-07-29 10:17:14,2023-11-22,2023,cecilio,Yellow Passion,75.0,lb,262.5,3.5,2023
2026-07-29 10:17:14,2023-11-18,2023,cecilio,passionfruit,70.0,lb,210.0,3.0,2023
2026-07-29 10:17:14,2023-11-22,2023,jose,Yellow Passion,50.0,lb,175.0,3.5,2023
2026-07-29 10:17:14,2023-11-24,2023,vitor,Yellow Passion,25.0,lb,87.5,3.5,2023
2026-07-29 10:17:14,2023-11-24,2023,vitor,passionfruit,100.0,lb,300.0,3.0,2023
2026-07-29 10:17:14,2023-11-24,2023,cecilio,passionfruit,175.0,lb,525.0,3.0,2023
2026-07-29 10:17:14,2023-11-24,2023,cecilio,Yellow Passion,50.0,lb,175.0,3.5,2023
2026-07-29 10:17:14,2023-11-24,2023,jose,Yellow Passion,50.0,lb,175.0,3.5,2023
2026-07-29 10:17:14,2023-11-27,2023,tiendita,passionfruit,120.0,lb,360.0,3.0,2023
2026-07-29 10:17:14,2023-11-29,2023,cecilio,passionfruit,208.0,lb,624.0,3.0,2023
2026-07-29 10:17:14,2023-12-01,2023,jose,passionfruit,50.0,lb,150.0,3.0,2023
2026-07-29 10:17:14,2023-12-04,2023,tiendita,passionfruit,200.0,lb,600.0,3.0,2023
2026-07-29 10:17:14,2023-12-04,2023,tiendita,Other Passion,40.0,lb,60.0,1.5,2023
2026-07-29 10:17:14,2023-12-05,2023,cecilio,passionfruit,215.0,lb,645.0,3.0,2023
2026-07-29 10:17:14,2023-12-05,2023,cecilio,Yellow Passion,50.0,lb,175.0,3.5,2023
2026-07-29 10:17:14,2023-12-08,2023,jose,passionfruit,50.0,lb,150.0,3.0,2023
2026-07-29 10:17:14,2023-12-08,2023,vitor,passionfruit,225.0,lb,675.0,3.0,2023
2026-07-29 10:17:14,2023-12-08,2023,vitor,Yellow Passion,25.0,lb,87.5,3.5,2023
2026-07-29 10:17:14,2023-12-08,2023,vitor,Other Passion,116.0,lb,174.0,1.5,2023
2026-07-29 10:17:14,2023-12-08,2023,cecilio,passionfruit,110.0,lb,330.0,3.0,2023
2026-07-29 10:17:14,2023-12-08,2023,cecilio,Yellow Passion,75.0,lb,262.5,3.5,2023
2026-07-29 10:17:14,2023-12-12,2023,cecilio,passionfruit,100.0,lb,300.0,3.0,2023
2026-07-29 10:17:14,2023-12-12,2023,cecilio,Yellow Passion,50.0,lb,175.0,3.5,2023
2026-07-29 10:17:14,2023-12-12,2023,cecilio,Other Passion,25.0,lb,37.5,1.5,2023
2026-07-29 10:17:14,2023-12-12,2023,cesar,passionfruit,60.0,lb,180.0,3.0,2023
2026-07-29 10:17:14,2023-12-12,2023,tiendita,passionfruit,20.0,lb,60.0,3.0,2023
2026-07-29 10:17:14,2023-12-14,2023,cesar,passionfruit,160.0,lb,480.0,3.0,2023
2026-07-29 10:17:14,2023-12-14,2023,cecilio,passionfruit,150.0,lb,450.0,3.0,2023
2026-07-29 10:17:14,2023-12-14,2023,cecilio,Yellow Passion,50.0,lb,175.0,3.5,2023
2026-07-29 10:17:14,2023-12-15,2023,vitor,passionfruit,125.0,lb,375.0,3.0,2023
2026-07-29 10:17:14,2023-12-15,2023,vitor,Yellow Passion,60.0,lb,210.0,3.5,2023
2026-07-29 10:17:14,2023-12-15,2023,vitor,Other Passion,25.0,lb,37.5,1.5,2023
2026-07-29 10:17:14,2023-12-16,2023,jose,passionfruit,45.0,lb,135.0,3.0,2023
2026-07-29 10:17:14,2023-12-16,2023,cesar,passionfruit,200.0,lb,600.0,3.0,2023
2026-07-29 10:17:14,2023-12-16,2023,cesar,Other Passion,50.0,lb,75.0,1.5,2023
2026-07-29 10:17:14,2023-12-20,2023,cecilio,passionfruit,100.0,lb,300.0,3.0,2023
2026-07-29 10:17:14,2023-12-20,2023,cecilio,Yellow Passion,75.0,lb,262.5,3.5,2023
2026-07-29 10:17:14,2023-12-20,2023,cecilio,Other Passion,50.0,lb,75.0,1.5,2023
2026-07-29 10:17:14,2023-12-26,2023,cecilio,passionfruit,200.0,lb,80.0,3.0,2023
2026-07-29 10:17:14,2023-12-26,2023,cecilio,Other Passion,25.0,lb,37.5,1.5,2023
2026-07-29 10:17:14,2023-12-26,2023,cecilio,Yellow Passion,75.0,lb,262.5,3.5,2023
2026-07-29 10:17:14,2023-12-28,2023,tiendita,passionfruit,250.0,lb,750.0,3.0,2023
2026-07-29 10:17:14,2023-12-28,2023,tiendita,Other Passion,50.0,lb,75.0,1.5,2023
2026-07-29 10:17:14,2023-12-29,2023,vitor,passionfruit,255.0,lb,765.0,3.0,2023
2026-07-29 10:17:14,2023-12-29,2023,vitor,passionfruit,26.0,lb,78.0,3.0,2023
2026-07-29 10:17:14,2023-12-29,2023,vitor,Other Passion,50.0,lb,75.0,1.5,2023
2026-07-29 10:17:14,2024-01-02,2024,Cesar,Passion,50.0,lb,75.0,1.5,2024
2026-07-29 10:17:14,2024-01-02,2024,Cecilio,Passion,39.0,lb,58.5,1.5,2024
2026-07-29 10:17:14,2024-01-05,2024,Cecilio,Passion,50.0,lb,75.0,1.5,2024
2026-07-29 10:17:14,2024-01-05,2024,Vitor,Passion,50.0,lb,75.0,1.5,2024
2026-07-29 10:17:14,2024-01-04,2024,Cecilio,Passion,66.0,lb,99.0,1.5,2024
2026-07-29 10:17:14,2024-01-12,2024,Vitor,Passion,30.0,lb,45.0,1.5,2024
2026-07-29 10:17:14,2024-01-19,2024,Vitor,Passion,60.0,lb,90.0,1.5,2024
2026-07-29 10:17:14,2024-01-23,2024,Tiendita,Passion,25.0,lb,43.75,1.75,2024
2026-07-29 10:17:14,2024-01-24,2024,Cecilio,Passion,41.0,lb,61.5,1.5,2024
2026-07-29 10:17:14,2024-01-24,2024,Cecilio,Passion,50.0,lb,100.0,2.0,2024
2026-07-29 10:17:14,2024-01-27,2024,Vitor,Passion,30.0,lb,45.0,1.5,2024
2026-07-29 10:17:14,2024-01-30,2024,Cecilio,Passion,39.0,lb,58.5,1.5,2024
2026-07-29 10:17:14,2024-10-21,2024,Cesar,Passion,200.0,lb,400.0,2.0,2024
2026-07-29 10:17:14,2024-10-23,2024,Vitor,Passion,800.0,lb,2400.0,3.0,2024
2026-07-29 10:17:14,2024-10-23,2024,Vitor,Passion,300.0,lb,600.0,2.0,2024
2026-07-29 10:17:14,2024-10-23,2024,Vitor,Passion,50.0,lb,50.0,1.0,2024
2026-07-29 10:17:14,2024-10-25,2024,Luis,Passion,175.0,lb,525.0,3.0,2024
2026-07-29 10:17:14,2024-10-26,2024,Cecilio,Passion,300.0,lb,975.0,3.25,2024
2026-07-29 10:17:14,2024-10-30,2024,Vitor,Passion,250.0,lb,750.0,3.0,2024
2026-07-29 10:17:14,2024-10-28,2024,Cesar,Passion,750.0,lb,2437.5,3.25,2024
2026-07-29 10:17:14,2024-10-30,2024,Vitor,Passion,450.0,lb,1350.0,3.0,2024
2026-07-29 10:17:14,2024-11-01,2024,Cecilio,Passion,175.0,lb,568.75,3.25,2024
2026-07-29 10:17:14,2024-10-31,2024,Cesar,Passion,250.0,lb,812.5,3.25,2024
2026-07-29 10:17:14,2024-11-05,2024,Vitor,Passion,250.0,lb,750.0,3.0,2024
2026-07-29 10:17:14,2024-11-06,2024,Cecilio,Passion,275.0,lb,893.75,3.25,2024
2026-07-29 10:17:14,2024-11-12,2024,Cecilio,Passion,300.0,lb,975.0,3.25,2024
2026-07-29 10:17:14,2024-11-12,2024,Cesar,Passion,100.0,lb,200.0,2.0,2024
2026-07-29 10:17:14,2024-11-16,2024,Vitor,Passion,150.0,lb,450.0,3.0,2024
2026-07-29 10:17:14,2024-11-16,2024,Vitor,Passion,50.0,lb,100.0,2.0,2024
2026-07-29 10:17:14,2024-11-16,2024,Vitor,Passion,50.0,lb,50.0,1.0,2024
2026-07-29 10:17:14,2024-11-18,2024,Cesar,Passion,160.0,lb,520.0,3.25,2024
2026-07-29 10:17:14,2024-11-18,2024,Luis,Passion,50.0,lb,150.0,3.0,2024
2026-07-29 10:17:14,2024-11-20,2024,Vitor,Passion,300.0,lb,600.0,2.0,2024
2026-07-29 10:17:14,2024-11-20,2024,Cecilio,Passion,350.0,lb,1137.5,3.25,2024
2026-07-29 10:17:14,2024-11-22,2024,Luis,Passion,175.0,lb,525.0,3.0,2024
2026-07-29 10:17:14,2024-11-27,2024,Vitor,Passion,250.0,lb,750.0,3.0,2024
2026-07-29 10:17:14,2024-11-27,2024,Luis,Passion,75.0,lb,225.0,3.0,2024
2026-07-29 10:17:14,2024-11-29,2024,Cecilio,Passion,300.0,lb,975.0,3.25,2024
2026-07-29 10:17:14,2024-12-02,2024,Vitor,Passion,250.0,lb,750.0,3.0,2024
2026-07-29 10:17:14,2024-12-03,2024,Luis,Passion,50.0,lb,150.0,3.0,2024
2026-07-29 10:17:14,2024-12-04,2024,Vitor,Passion,325.0,lb,975.0,3.0,2024
2026-07-29 10:17:14,2024-12-05,2024,Cecilio,Passion,275.0,lb,893.75,3.25,2024
2026-07-29 10:17:14,2024-12-05,2024,Luis,Passion,250.0,lb,750.0,3.0,2024
2026-07-29 10:17:14,2024-12-07,2024,Vitor,Passion,225.0,lb,675.0,3.0,2024
2026-07-29 10:17:14,2024-12-08,2024,Vitor,Passion,175.0,lb,525.0,3.0,2024
2026-07-29 10:17:14,2024-12-10,2024,Luis,Passion,50.0,lb,150.0,3.0,2024
2026-07-29 10:17:14,2024-12-11,2024,Cesar,Passion,320.0,lb,1040.0,3.25,2024
2026-07-29 10:17:14,2024-12-11,2024,Cesar,Passion,60.0,lb,120.0,2.0,2024
2026-07-29 10:17:14,2024-12-11,2024,Cesar,Passion,20.0,lb,20.0,1.0,2024
2026-07-29 10:17:14,2024-12-11,2024,Vitor,Passion,275.0,lb,825.0,3.0,2024
2026-07-29 10:17:14,2024-12-12,2024,Cecilio,Passion,325.0,lb,1056.25,3.25,2024
2026-07-29 10:17:14,2024-12-14,2024,Vitor,Passion,250.0,lb,750.0,3.0,2024
2026-07-29 10:17:14,2024-12-18,2024,Vitor,Passion,325.0,lb,975.0,3.0,2024
2026-07-29 10:17:14,2024-12-19,2024,Cecilio,Passion,325.0,lb,1056.25,3.25,2024
2026-07-29 10:17:14,2024-12-20,2024,Luis,Passion,175.0,lb,525.0,3.0,2024
2026-07-29 10:17:14,2024-12-20,2024,Vitor,Passion,200.0,lb,600.0,3.0,2024
2026-07-29 10:17:14,2024-12-26,2024,Cecilio,Passion,250.0,lb,812.5,3.25,2024
2026-07-29 10:17:14,2024-12-27,2024,Vitor,Passion,300.0,lb,900.0,3.0,2024
2026-07-29 10:17:14,2024-12-27,2024,Vitor,Passion,50.0,lb,100.0,2.0,2024
2026-07-29 10:17:14,2025-01-02,2025,Cecilio,Passion,375.0,lb,1218.75,3.25,2024
2026-07-29 10:17:14,2025-01-09,2025,Cecilio,Passion,400.0,lb,1300.0,3.25,2024
2026-07-29 10:17:14,2025-01-10,2025,Vitor,Passion,250.0,lb,750.0,3.0,2024
2026-07-29 10:17:14,2025-01-10,2025,Luis,Passion,125.0,lb,375.0,3.0,2024
2026-07-29 10:17:14,2025-01-16,2025,Cecilio,Passion,500.0,lb,1625.0,3.25,2024
2026-07-29 10:17:14,2025-01-16,2025,Luis,Passion,150.0,lb,450.0,3.0,2024
2026-07-29 10:17:14,2025-01-23,2025,Cecilio,Passion,600.0,lb,1950.0,3.25,2024
2026-07-29 10:17:14,2025-01-23,2025,Vitor,Passion,350.0,lb,1050.0,3.0,2024
2026-07-29 10:17:14,2025-01-23,2025,Luis,Passion,200.0,lb,650.0,3.25,2024
2026-07-29 10:17:14,2025-01-31,2025,Luis,Passion,100.0,lb,325.0,3.25,2024
2026-07-29 10:17:14,2025-02-12,2025,Vitor,Red Passion,50.0,lb,150.0,3.0,2025
2026-07-29 10:17:14,2025-02-12,2025,Vitor,Red Passion,75.0,lb,75.0,1.0,2025
2026-07-29 10:17:14,2025-02-13,2025,Luis,Red Passion,100.0,lb,325.0,3.25,2025
2026-07-29 10:17:14,2025-02-13,2025,Cecilio,Red Passion,250.0,lb,812.5,3.25,2025
2026-07-29 10:17:14,2025-02-13,2025,Cecilio,Mix Passion,25.0,lb,50.0,2.0,2025
2026-07-29 10:17:14,2025-02-13,2025,Cecilio,Mix Passion,50.0,lb,50.0,1.0,2025
2026-07-29 10:17:14,2025-02-20,2025,Luis,Mix Passion,175.0,lb,525.0,3.0,2025
2026-07-29 10:17:14,2025-02-20,2025,Cecilio,Mix Passion,425.0,lb,1275.0,3.0,2025
2026-07-29 10:17:14,2025-02-27,2025,Cecilio,Red Passion,325.0,lb,975.0,3.0,2025
2026-07-29 10:17:14,2025-02-27,2025,Luis,Red Passion,200.0,lb,600.0,3.0,2025
2026-07-29 10:17:14,2025-03-06,2025,Cecilio,Mix Passion,100.0,lb,300.0,3.0,2025
2026-07-29 10:17:14,2025-03-06,2025,Luis,Mix Passion,75.0,lb,225.0,3.0,2025
2026-07-29 10:17:14,2025-08-22,2025,Vitor,Yellow Passion,165.0,lb,536.25,3.25,2025
2026-07-29 10:17:14,2025-08-25,2025,Vitor,Yellow Passion,100.0,lb,300.0,3.0,2025
2026-07-29 10:17:14,2025-08-25,2025,Vitor,Red Passion,120.0,lb,390.0,3.25,2025
2026-07-29 10:17:14,2025-08-25,2025,Cesar,Red Passion,175.0,lb,568.75,3.25,2025
2026-07-29 10:17:14,2025-08-25,2025,Cesar,Red Passion,50.0,lb,75.0,1.5,2025
2026-07-29 10:17:14,2025-08-28,2025,Cecilio,Red Passion,150.0,lb,487.5,3.25,2025
2026-07-29 10:17:14,2025-08-29,2025,Vitor,Red Passion,195.0,lb,633.75,3.25,2025
2026-07-29 10:17:14,2025-08-29,2025,Vitor,Red Passion,50.0,lb,137.5,2.75,2025
2026-07-29 10:17:14,2025-08-29,2025,Vitor,Red Passion,75.0,lb,93.75,1.25,2025
2026-07-29 10:17:14,2025-08-30,2025,Cecilio,Red Passion,68.0,lb,238.0,3.5,2025
2026-07-29 10:17:14,2025-08-30,2025,Cecilio,Yellow Passion,125.0,lb,375.0,3.0,2025
2026-07-29 10:17:14,2025-08-30,2025,Cecilio,Red Passion,46.0,lb,103.5,2.25,2025
2026-07-29 10:17:14,2025-08-30,2025,Cecilio,Red Passion,50.0,lb,62.5,1.25,2025
2026-07-29 10:17:14,2025-08-30,2025,Cecilio,Yellow Passion,25.0,lb,50.0,2.0,2025
2026-07-29 10:17:14,2025-09-02,2025,Vitor,Red Passion,150.0,lb,487.5,3.25,2025
2026-07-29 10:17:14,2025-09-02,2025,Vitor,Red Passion,125.0,lb,281.25,2.25,2025
2026-07-29 10:17:14,2025-09-02,2025,Vitor,Red Passion,50.0,lb,62.5,1.25,2025
2026-07-29 10:17:14,2025-09-11,2025,Cecilio,Red Passion,100.0,lb,325.0,3.25,2025
2026-07-29 10:17:14,2025-09-11,2025,Cecilio,Red Passion,50.0,lb,112.5,2.25,2025
2026-07-29 10:17:14,2025-09-11,2025,Cecilio,Red Passion,25.0,lb,31.25,1.25,2025
2026-07-29 10:17:14,2025-09-04,2025,Cesar,Red Passion,100.0,lb,325.0,3.25,2025
2026-07-29 10:17:14,2025-09-04,2025,Cesar,Red Passion,25.0,lb,56.25,2.25,2025
2026-07-29 10:17:14,2025-09-04,2025,Cesar,Red Passion,50.0,lb,62.5,1.25,2025
2026-07-29 10:17:14,2025-09-05,2025,Unknown,Red Passion,125.0,lb,437.5,3.5,2025
2026-07-29 10:17:14,2025-09-05,2025,Unknown,Red Passion,75.0,lb,168.75,2.25,2025
2026-07-29 10:17:14,2025-09-05,2025,Unknown,Red Passion,75.0,lb,93.75,1.25,2025
2026-07-29 10:17:14,2025-09-05,2025,Vitor,Red Passion,125.0,lb,375.0,3.0,2025
2026-07-29 10:17:14,2025-09-05,2025,Vitor,Red Passion,150.0,lb,487.5,3.25,2025
2026-07-29 10:17:14,2025-09-05,2025,Vitor,Red Passion,100.0,lb,225.0,2.25,2025
2026-07-29 10:17:14,2025-09-08,2025,Unknown,Red Passion,250.0,lb,812.5,3.25,2025
2026-07-29 10:17:14,2025-09-08,2025,Unknown,Red Passion,150.0,lb,337.5,2.25,2025
2026-07-29 10:17:14,2025-09-08,2025,Unknown,Red Passion,100.0,lb,125.0,1.25,2025
2026-07-29 10:17:14,2025-09-10,2025,Vitor,Yellow Passion,225.0,lb,675.0,3.0,2025
2026-07-29 10:17:14,2025-09-10,2025,Vitor,Red Passion,200.0,lb,650.0,3.25,2025
2026-07-29 10:17:14,2025-09-10,2025,Vitor,Red Passion,75.0,lb,168.75,2.25,2025
2026-07-29 10:17:14,2025-09-10,2025,Vitor,Red Passion,75.0,lb,93.75,1.25,2025
2026-07-29 10:17:14,2025-09-11,2025,Cecilio,Red Passion,125.0,lb,437.5,3.5,2025
2026-07-29 10:17:14,2025-09-11,2025,Cecilio,Yellow Passion,150.0,lb,450.0,3.0,2025
2026-07-29 10:17:14,2025-09-11,2025,Unknown,Red Passion,260.0,lb,845.0,3.25,2025
2026-07-29 10:17:14,2025-09-11,2025,Unknown,Red Passion,50.0,lb,112.5,2.25,2025
2026-07-29 10:17:14,2025-09-11,2025,Unknown,Red Passion,50.0,lb,62.5,1.25,2025
2026-07-29 10:17:14,2025-09-12,2025,Vitor,Red Passion,225.0,lb,731.25,3.25,2025
2026-07-29 10:17:14,2025-09-12,2025,Vitor,Red Passion,100.0,lb,125.0,1.25,2025
2026-07-29 10:17:14,2025-09-19,2025,Vitor,Red Passion,400.0,lb,800.0,2.0,2025
2026-07-29 10:17:14,2025-09-19,2025,Unknown,Red Passion,250.0,lb,750.0,3.0,2025
2026-07-29 10:17:14,2025-09-19,2025,Unknown,Yellow Passion,125.0,lb,375.0,3.0,2025
2026-07-29 10:17:14,2025-09-19,2025,Vitor,Mix Passion,900.0,lb,2025.0,2.25,2025
2026-07-29 10:17:14,2025-09-26,2025,Vitor,Red Passion,625.0,lb,1406.25,2.25,2025
2026-07-29 10:17:14,2025-09-24,2025,Jose,Red Passion,600.0,lb,600.0,1.0,2025
2026-07-29 10:17:14,2025-10-01,2025,Vitor,Red Passion,200.0,lb,450.0,2.25,2025
2026-07-29 10:17:14,2025-10-01,2025,Vitor,Red Passion,50.0,lb,50.0,1.0,2025
2026-07-29 10:17:14,2025-10-01,2025,Salvador,Yellow Passion,40.0,lb,100.0,2.5,2025
2026-07-29 10:17:14,2025-10-01,2025,Salvador,Red Passion,100.0,lb,300.0,3.0,2025
2026-07-29 10:17:14,2025-10-01,2025,Salvador,Yellow Passion,50.0,lb,125.0,2.5,2025
2026-07-29 10:17:14,2025-10-01,2025,Salvador,Red Passion,15.0,lb,15.0,1.0,2025
2026-07-29 10:17:14,2025-10-01,2025,Vitor,Red Passion,200.0,lb,450.0,2.25,2025
2026-07-29 10:17:14,2025-10-01,2025,Vitor,Yellow Passion,200.0,lb,400.0,2.0,2025
2026-07-29 10:17:14,2025-10-01,2025,Vitor,Red Passion,100.0,lb,100.0,1.0,2025
2026-07-29 10:17:14,2025-10-02,2025,Cecilio,Red Passion,200.0,lb,600.0,3.0,2025
2026-07-29 10:17:14,2025-10-02,2025,Cecilio,Yellow Passion,100.0,lb,300.0,3.0,2025
2026-07-29 10:17:14,2025-10-02,2025,Jose,Yellow Passion,250.0,lb,500.0,2.0,2025
2026-07-29 10:17:14,2025-10-07,2025,Vitor,Yellow Passion,300.0,lb,600.0,2.0,2025
2026-07-29 10:17:14,2025-10-07,2025,Aran Darling,Red Passion,175.0,lb,350.0,2.0,2025
2026-07-29 10:17:14,2025-10-08,2025,Salvador,Red Passion,25.0,lb,62.5,2.5,2025
2026-07-29 10:17:14,2025-10-08,2025,Salvador,Red Passion,25.0,lb,37.5,1.5,2025
2026-07-29 10:17:14,2025-10-08,2025,Unknown,Red Passion,1025.0,lb,2203.75,2.15,2025
2026-07-29 10:17:14,2025-10-08,2025,Unknown,Red Passion,25.0,lb,31.25,1.25,2025
2026-07-29 10:17:14,2025-10-08,2025,Unknown,Red Passion,25.0,lb,37.5,1.5,2025
2026-07-29 10:17:14,2025-10-09,2025,Cecilio,Yellow Passion,250.0,lb,687.5,2.75,2025
2026-07-29 10:17:14,2026-02-12,2026,Cecilio,Red Passion,450.0,lb,1575.0,3.5,2025
2026-07-29 10:17:14,2026-02-18,2026,Cecilio,Red Passion,250.0,lb,812.5,3.25,2025
2026-07-29 10:17:14,2026-02-26,2026,Cecilio,Mix Passion,200.0,lb,650.0,3.25,2025
2026-07-29 10:17:14,2026-02-26,2026,Cecilio,Mix Passion,12.0,lb,180.0,15.0,2025
