report_date,hass_32_mid,hass_32_low,hass_32_high,hass_36_mid,hass_36_low,hass_36_high,hass_40_mid,hass_40_low,hass_40_high,hass_48_mid,hass_48_low,hass_48_high,hass_60_mid,hass_60_low,hass_60_high,hass_70_mid,hass_70_low,hass_70_high,hass_84_mid,hass_84_low,hass_84_high,org_32_mid,org_32_low,org_32_high,org_36_mid,org_36_low,org_36_high,org_40_mid,org_40_low,org_40_high,org_48_mid,org_48_low,org_48_high,org_60_mid,org_60_low,org_60_high,org_70_mid,org_70_low,org_70_high,org_84_mid,org_84_low,org_84_high
2026-06-10,1.08,1.06,1.1,1.08,1.06,1.1,1.08,1.06,1.1,1.28,1.26,1.3,1.2,1.18,1.22,0.8,0.78,0.82,0.6,0.58,0.62,1.28,1.26,1.3,1.28,1.26,1.3,1.4,1.38,1.42,1.54,1.52,1.56,1.46,1.44,1.48,1.24,1.22,1.26,0.98,0.96,1.0
2026-06-12,1.02,1.0,1.04,1.02,1.0,1.04,1.02,1.0,1.04,1.28,1.26,1.3,1.16,1.14,1.18,0.82,0.8,0.84,0.62,0.6,0.64,1.28,1.26,1.3,1.28,1.26,1.3,1.4,1.38,1.42,1.54,1.52,1.56,1.46,1.44,1.48,1.24,1.22,1.26,0.98,0.96,1.0
2026-06-17,1.02,1.0,1.04,1.02,1.0,1.04,1.02,1.0,1.04,1.28,1.26,1.3,1.16,1.14,1.18,0.82,0.8,0.84,0.62,0.6,0.64,1.38,1.36,1.4,1.38,1.36,1.4,1.46,1.44,1.48,1.6,1.58,1.62,1.46,1.44,1.48,1.26,1.24,1.28,0.98,0.96,1.0
2026-06-18,0.98,0.96,1.0,0.98,0.96,1.0,0.98,0.96,1.0,1.24,1.22,1.26,1.12,1.1,1.14,0.78,0.76,0.8,0.58,0.56,0.6,1.38,1.36,1.4,1.38,1.36,1.4,1.46,1.44,1.48,1.6,1.58,1.62,1.46,1.44,1.48,1.26,1.24,1.28,0.98,0.96,1.0
2026-06-19,0.98,0.96,1.0,0.98,0.96,1.0,0.98,0.96,1.0,1.24,1.22,1.26,1.12,1.1,1.14,0.78,0.76,0.8,0.58,0.56,0.6,1.38,1.36,1.4,1.38,1.36,1.4,1.46,1.44,1.48,1.6,1.58,1.62,1.46,1.44,1.48,1.26,1.24,1.28,0.98,0.96,1.0
2026-06-23,0.94,0.92,0.96,0.94,0.92,0.96,0.94,0.92,0.96,1.18,1.16,1.2,1.08,1.06,1.1,0.78,0.76,0.8,0.58,0.56,0.6,1.38,1.36,1.4,1.38,1.36,1.4,1.46,1.44,1.48,1.6,1.58,1.62,1.46,1.44,1.48,1.26,1.24,1.28,0.98,0.96,1.0
2026-06-24,0.94,0.92,0.96,0.94,0.92,0.96,0.94,0.92,0.96,1.18,1.16,1.2,1.08,1.06,1.1,0.78,0.76,0.8,0.58,0.56,0.6,1.38,1.36,1.4,1.38,1.36,1.4,1.46,1.44,1.48,1.6,1.58,1.62,1.46,1.44,1.48,1.26,1.24,1.28,0.98,0.96,1.0
2026-06-25,0.94,0.92,0.96,0.94,0.92,0.96,0.94,0.92,0.96,1.18,1.16,1.2,1.08,1.06,1.1,0.78,0.76,0.8,0.58,0.56,0.6,1.38,1.36,1.4,1.38,1.36,1.4,1.46,1.44,1.48,1.6,1.58,1.62,1.46,1.44,1.48,1.26,1.24,1.28,0.98,0.96,1.0
2026-06-26,0.94,0.92,0.96,0.94,0.92,0.96,0.94,0.92,0.96,1.18,1.16,1.2,1.08,1.06,1.1,0.78,0.76,0.8,0.58,0.56,0.6,1.38,1.36,1.4,1.38,1.36,1.4,1.46,1.44,1.48,1.6,1.58,1.62,1.46,1.44,1.48,1.26,1.24,1.28,0.98,0.96,1.0
2026-06-29,0.94,0.92,0.96,0.94,0.92,0.96,0.94,0.92,0.96,1.18,1.16,1.2,1.08,1.06,1.1,0.78,0.76,0.8,0.58,0.56,0.6,1.38,1.36,1.4,1.38,1.36,1.4,1.46,1.44,1.48,1.6,1.58,1.62,1.46,1.44,1.48,1.26,1.24,1.28,0.98,0.96,1.0
2026-06-30,0.94,0.92,0.96,0.94,0.92,0.96,0.94,0.92,0.96,1.18,1.16,1.2,1.08,1.06,1.1,0.78,0.76,0.8,0.58,0.56,0.6,1.38,1.36,1.4,1.38,1.36,1.4,1.46,1.44,1.48,1.6,1.58,1.62,1.46,1.44,1.48,1.26,1.24,1.28,0.98,0.96,1.0
2026-07-01,0.94,0.92,0.96,0.94,0.92,0.96,0.94,0.92,0.96,1.18,1.16,1.2,1.08,1.06,1.1,0.78,0.76,0.8,0.58,0.56,0.6,1.38,1.36,1.4,1.38,1.36,1.4,1.46,1.44,1.48,1.6,1.58,1.62,1.46,1.44,1.48,1.26,1.24,1.28,0.98,0.96,1.0
2026-07-02,0.94,0.92,0.96,0.94,0.92,0.96,0.94,0.92,0.96,1.18,1.16,1.2,1.08,1.06,1.1,0.78,0.76,0.8,0.58,0.56,0.6,1.38,1.36,1.4,1.38,1.36,1.4,1.46,1.44,1.48,1.6,1.58,1.62,1.46,1.44,1.48,1.26,1.24,1.28,0.98,0.96,1.0
2026-07-06,0.94,0.92,0.96,0.94,0.92,0.96,0.94,0.92,0.96,1.18,1.16,1.2,1.08,1.06,1.1,0.78,0.76,0.8,0.58,0.56,0.6,1.38,1.36,1.4,1.38,1.36,1.4,1.46,1.44,1.48,1.6,1.58,1.62,1.46,1.44,1.48,1.26,1.24,1.28,0.98,0.96,1.0
2026-07-07,0.94,0.92,0.96,0.94,0.92,0.96,0.94,0.92,0.96,1.18,1.16,1.2,1.08,1.06,1.1,0.78,0.76,0.8,0.58,0.56,0.6,1.38,1.36,1.4,1.38,1.36,1.4,1.46,1.44,1.48,1.6,1.58,1.62,1.46,1.44,1.48,1.26,1.24,1.28,0.98,0.96,1.0
2026-07-08,0.96,0.94,0.98,0.96,0.94,0.98,0.96,0.94,0.98,1.18,1.16,1.2,1.04,1.02,1.06,0.78,0.76,0.8,0.58,0.56,0.6,1.38,1.36,1.4,1.38,1.36,1.4,1.46,1.44,1.48,1.6,1.58,1.62,1.46,1.44,1.48,1.26,1.24,1.28,0.98,0.96,1.0
2026-07-09,0.96,0.94,0.98,0.96,0.94,0.98,0.96,0.94,0.98,1.18,1.16,1.2,1.04,1.02,1.06,0.78,0.76,0.8,0.58,0.56,0.6,1.38,1.36,1.4,1.38,1.36,1.4,1.46,1.44,1.48,1.6,1.58,1.62,1.46,1.44,1.48,1.26,1.24,1.28,0.98,0.96,1.0
2026-07-10,0.96,0.94,0.98,0.96,0.94,0.98,0.96,0.94,0.98,1.18,1.16,1.2,1.04,1.02,1.06,0.78,0.76,0.8,0.58,0.56,0.6,1.38,1.36,1.4,1.38,1.36,1.4,1.46,1.44,1.48,1.6,1.58,1.62,1.46,1.44,1.48,1.26,1.24,1.28,0.98,0.96,1.0
2026-07-13,1.0,0.98,1.02,1.0,0.98,1.02,1.0,0.98,1.02,1.18,1.16,1.2,1.0,0.98,1.02,0.78,0.76,0.8,0.58,0.56,0.6,1.38,1.36,1.4,1.38,1.36,1.4,1.46,1.44,1.48,1.6,1.58,1.62,1.46,1.44,1.48,1.26,1.24,1.28,0.98,0.96,1.0
2026-07-14,1.04,1.02,1.06,1.04,1.02,1.06,1.04,1.02,1.06,1.18,1.16,1.2,0.98,0.96,1.0,0.76,0.74,0.78,0.54,0.52,0.56,1.38,1.36,1.4,1.38,1.36,1.4,1.46,1.44,1.48,1.6,1.58,1.62,1.46,1.44,1.48,1.26,1.24,1.28,0.98,0.96,1.0
2026-07-15,1.04,1.02,1.06,1.04,1.02,1.06,1.04,1.02,1.06,1.18,1.16,1.2,0.98,0.96,1.0,0.76,0.74,0.78,0.54,0.52,0.56,1.38,1.36,1.4,1.38,1.36,1.4,1.46,1.44,1.48,1.6,1.58,1.62,1.46,1.44,1.48,1.26,1.24,1.28,0.98,0.96,1.0
2026-07-16,1.08,1.06,1.1,1.08,1.06,1.1,1.08,1.06,1.1,1.18,1.16,1.2,0.98,0.96,1.0,0.76,0.74,0.78,0.54,0.52,0.56,1.38,1.36,1.4,1.38,1.36,1.4,1.46,1.44,1.48,1.6,1.58,1.62,1.46,1.44,1.48,1.26,1.24,1.28,0.98,0.96,1.0
2026-07-17,1.1,1.08,1.12,1.1,1.08,1.12,1.1,1.08,1.12,1.18,1.16,1.2,0.96,0.94,0.98,0.76,0.74,0.78,0.54,0.52,0.56,1.38,1.36,1.4,1.38,1.36,1.4,1.46,1.44,1.48,1.6,1.58,1.62,1.46,1.44,1.48,1.26,1.24,1.28,0.98,0.96,1.0
2026-07-20,1.12,1.1,1.14,1.12,1.1,1.14,1.12,1.1,1.14,1.18,1.16,1.2,0.92,0.9,0.94,0.72,0.7,0.74,0.54,0.52,0.56,1.38,1.36,1.4,1.38,1.36,1.4,1.46,1.44,1.48,1.6,1.58,1.62,1.461,1.44,1.481,1.26,1.24,1.28,0.98,0.96,1.0
2026-07-21,1.14,1.12,1.16,1.14,1.12,1.16,1.14,1.12,1.16,1.18,1.16,1.2,0.9,0.88,0.92,0.7,0.68,0.72,0.54,0.52,0.56,1.38,1.36,1.4,1.38,1.36,1.4,1.46,1.44,1.48,1.6,1.58,1.62,1.46,1.44,1.48,1.26,1.24,1.28,0.98,0.96,1.0
