report_date,size,hass_low,hass_high,hass_mid,org_low,org_high,org_mid
2026-06-10,32,1.06,1.1,1.08,1.26,1.3,1.28
2026-06-10,36,1.06,1.1,1.08,1.26,1.3,1.28
2026-06-10,40,1.06,1.1,1.08,1.38,1.42,1.4
2026-06-10,48,1.26,1.3,1.28,1.52,1.56,1.54
2026-06-10,60,1.18,1.22,1.2,1.44,1.48,1.46
2026-06-10,70,0.78,0.82,0.8,1.22,1.26,1.24
2026-06-10,84,0.58,0.62,0.6,0.96,1.0,0.98
2026-06-12,32,1.0,1.04,1.02,1.26,1.3,1.28
2026-06-12,36,1.0,1.04,1.02,1.26,1.3,1.28
2026-06-12,40,1.0,1.04,1.02,1.38,1.42,1.4
2026-06-12,48,1.26,1.3,1.28,1.52,1.56,1.54
2026-06-12,60,1.14,1.18,1.16,1.44,1.48,1.46
2026-06-12,70,0.8,0.84,0.82,1.22,1.26,1.24
2026-06-12,84,0.6,0.64,0.62,0.96,1.0,0.98
2026-06-17,32,1.0,1.04,1.02,1.36,1.4,1.38
2026-06-17,36,1.0,1.04,1.02,1.36,1.4,1.38
2026-06-17,40,1.0,1.04,1.02,1.44,1.48,1.46
2026-06-17,48,1.26,1.3,1.28,1.58,1.62,1.6
2026-06-17,60,1.14,1.18,1.16,1.44,1.48,1.46
2026-06-17,70,0.8,0.84,0.82,1.24,1.28,1.26
2026-06-17,84,0.6,0.64,0.62,0.96,1.0,0.98
2026-06-18,32,0.96,1.0,0.98,1.36,1.4,1.38
2026-06-18,36,0.96,1.0,0.98,1.36,1.4,1.38
2026-06-18,40,0.96,1.0,0.98,1.44,1.48,1.46
2026-06-18,48,1.22,1.26,1.24,1.58,1.62,1.6
2026-06-18,60,1.1,1.14,1.12,1.44,1.48,1.46
2026-06-18,70,0.76,0.8,0.78,1.24,1.28,1.26
2026-06-18,84,0.56,0.6,0.58,0.96,1.0,0.98
2026-06-19,32,0.96,1.0,0.98,1.36,1.4,1.38
2026-06-19,36,0.96,1.0,0.98,1.36,1.4,1.38
2026-06-19,40,0.96,1.0,0.98,1.44,1.48,1.46
2026-06-19,48,1.22,1.26,1.24,1.58,1.62,1.6
2026-06-19,60,1.1,1.14,1.12,1.44,1.48,1.46
2026-06-19,70,0.76,0.8,0.78,1.24,1.28,1.26
2026-06-19,84,0.56,0.6,0.58,0.96,1.0,0.98
2026-06-23,32,0.92,0.96,0.94,1.36,1.4,1.38
2026-06-23,36,0.92,0.96,0.94,1.36,1.4,1.38
2026-06-23,40,0.92,0.96,0.94,1.44,1.48,1.46
2026-06-23,48,1.16,1.2,1.18,1.58,1.62,1.6
2026-06-23,60,1.06,1.1,1.08,1.44,1.48,1.46
2026-06-23,70,0.76,0.8,0.78,1.24,1.28,1.26
2026-06-23,84,0.56,0.6,0.58,0.96,1.0,0.98
2026-06-24,32,0.92,0.96,0.94,1.36,1.4,1.38
2026-06-24,36,0.92,0.96,0.94,1.36,1.4,1.38
2026-06-24,40,0.92,0.96,0.94,1.44,1.48,1.46
2026-06-24,48,1.16,1.2,1.18,1.58,1.62,1.6
2026-06-24,60,1.06,1.1,1.08,1.44,1.48,1.46
2026-06-24,70,0.76,0.8,0.78,1.24,1.28,1.26
2026-06-24,84,0.56,0.6,0.58,0.96,1.0,0.98
2026-06-25,32,0.92,0.96,0.94,1.36,1.4,1.38
2026-06-25,36,0.92,0.96,0.94,1.36,1.4,1.38
2026-06-25,40,0.92,0.96,0.94,1.44,1.48,1.46
2026-06-25,48,1.16,1.2,1.18,1.58,1.62,1.6
2026-06-25,60,1.06,1.1,1.08,1.44,1.48,1.46
2026-06-25,70,0.76,0.8,0.78,1.24,1.28,1.26
2026-06-25,84,0.56,0.6,0.58,0.96,1.0,0.98
2026-06-26,32,0.92,0.96,0.94,1.36,1.4,1.38
2026-06-26,36,0.92,0.96,0.94,1.36,1.4,1.38
2026-06-26,40,0.92,0.96,0.94,1.44,1.48,1.46
2026-06-26,48,1.16,1.2,1.18,1.58,1.62,1.6
2026-06-26,60,1.06,1.1,1.08,1.44,1.48,1.46
2026-06-26,70,0.76,0.8,0.78,1.24,1.28,1.26
2026-06-26,84,0.56,0.6,0.58,0.96,1.0,0.98
2026-06-29,32,0.92,0.96,0.94,1.36,1.4,1.38
2026-06-29,36,0.92,0.96,0.94,1.36,1.4,1.38
2026-06-29,40,0.92,0.96,0.94,1.44,1.48,1.46
2026-06-29,48,1.16,1.2,1.18,1.58,1.62,1.6
2026-06-29,60,1.06,1.1,1.08,1.44,1.48,1.46
2026-06-29,70,0.76,0.8,0.78,1.24,1.28,1.26
2026-06-29,84,0.56,0.6,0.58,0.96,1.0,0.98
2026-06-30,32,0.92,0.96,0.94,1.36,1.4,1.38
2026-06-30,36,0.92,0.96,0.94,1.36,1.4,1.38
2026-06-30,40,0.92,0.96,0.94,1.44,1.48,1.46
2026-06-30,48,1.16,1.2,1.18,1.58,1.62,1.6
2026-06-30,60,1.06,1.1,1.08,1.44,1.48,1.46
2026-06-30,70,0.76,0.8,0.78,1.24,1.28,1.26
2026-06-30,84,0.56,0.6,0.58,0.96,1.0,0.98
2026-07-01,32,0.92,0.96,0.94,1.36,1.4,1.38
2026-07-01,36,0.92,0.96,0.94,1.36,1.4,1.38
2026-07-01,40,0.92,0.96,0.94,1.44,1.48,1.46
2026-07-01,48,1.16,1.2,1.18,1.58,1.62,1.6
2026-07-01,60,1.06,1.1,1.08,1.44,1.48,1.46
2026-07-01,70,0.76,0.8,0.78,1.24,1.28,1.26
2026-07-01,84,0.56,0.6,0.58,0.96,1.0,0.98
2026-07-02,32,0.92,0.96,0.94,1.36,1.4,1.38
2026-07-02,36,0.92,0.96,0.94,1.36,1.4,1.38
2026-07-02,40,0.92,0.96,0.94,1.44,1.48,1.46
2026-07-02,48,1.16,1.2,1.18,1.58,1.62,1.6
2026-07-02,60,1.06,1.1,1.08,1.44,1.48,1.46
2026-07-02,70,0.76,0.8,0.78,1.24,1.28,1.26
2026-07-02,84,0.56,0.6,0.58,0.96,1.0,0.98
2026-07-06,32,0.92,0.96,0.94,1.36,1.4,1.38
2026-07-06,36,0.92,0.96,0.94,1.36,1.4,1.38
2026-07-06,40,0.92,0.96,0.94,1.44,1.48,1.46
2026-07-06,48,1.16,1.2,1.18,1.58,1.62,1.6
2026-07-06,60,1.06,1.1,1.08,1.44,1.48,1.46
2026-07-06,70,0.76,0.8,0.78,1.24,1.28,1.26
2026-07-06,84,0.56,0.6,0.58,0.96,1.0,0.98
2026-07-07,32,0.92,0.96,0.94,1.36,1.4,1.38
2026-07-07,36,0.92,0.96,0.94,1.36,1.4,1.38
2026-07-07,40,0.92,0.96,0.94,1.44,1.48,1.46
2026-07-07,48,1.16,1.2,1.18,1.58,1.62,1.6
2026-07-07,60,1.06,1.1,1.08,1.44,1.48,1.46
2026-07-07,70,0.76,0.8,0.78,1.24,1.28,1.26
2026-07-07,84,0.56,0.6,0.58,0.96,1.0,0.98
2026-07-08,32,0.94,0.98,0.96,1.36,1.4,1.38
2026-07-08,36,0.94,0.98,0.96,1.36,1.4,1.38
2026-07-08,40,0.94,0.98,0.96,1.44,1.48,1.46
2026-07-08,48,1.16,1.2,1.18,1.58,1.62,1.6
2026-07-08,60,1.02,1.06,1.04,1.44,1.48,1.46
2026-07-08,70,0.76,0.8,0.78,1.24,1.28,1.26
2026-07-08,84,0.56,0.6,0.58,0.96,1.0,0.98
2026-07-09,32,0.94,0.98,0.96,1.36,1.4,1.38
2026-07-09,36,0.94,0.98,0.96,1.36,1.4,1.38
2026-07-09,40,0.94,0.98,0.96,1.44,1.48,1.46
2026-07-09,48,1.16,1.2,1.18,1.58,1.62,1.6
2026-07-09,60,1.02,1.06,1.04,1.44,1.48,1.46
2026-07-09,70,0.76,0.8,0.78,1.24,1.28,1.26
2026-07-09,84,0.56,0.6,0.58,0.96,1.0,0.98
2026-07-10,32,0.94,0.98,0.96,1.36,1.4,1.38
2026-07-10,36,0.94,0.98,0.96,1.36,1.4,1.38
2026-07-10,40,0.94,0.98,0.96,1.44,1.48,1.46
2026-07-10,48,1.16,1.2,1.18,1.58,1.62,1.6
2026-07-10,60,1.02,1.06,1.04,1.44,1.48,1.46
2026-07-10,70,0.76,0.8,0.78,1.24,1.28,1.26
2026-07-10,84,0.56,0.6,0.58,0.96,1.0,0.98
2026-07-13,32,0.98,1.02,1.0,1.36,1.4,1.38
2026-07-13,36,0.98,1.02,1.0,1.36,1.4,1.38
2026-07-13,40,0.98,1.02,1.0,1.44,1.48,1.46
2026-07-13,48,1.16,1.2,1.18,1.58,1.62,1.6
2026-07-13,60,0.98,1.02,1.0,1.44,1.48,1.46
2026-07-13,70,0.76,0.8,0.78,1.24,1.28,1.26
2026-07-13,84,0.56,0.6,0.58,0.96,1.0,0.98
2026-07-14,32,1.02,1.06,1.04,1.36,1.4,1.38
2026-07-14,36,1.02,1.06,1.04,1.36,1.4,1.38
2026-07-14,40,1.02,1.06,1.04,1.44,1.48,1.46
2026-07-14,48,1.16,1.2,1.18,1.58,1.62,1.6
2026-07-14,60,0.96,1.0,0.98,1.44,1.48,1.46
2026-07-14,70,0.74,0.78,0.76,1.24,1.28,1.26
2026-07-14,84,0.52,0.56,0.54,0.96,1.0,0.98
2026-07-15,32,1.02,1.06,1.04,1.36,1.4,1.38
2026-07-15,36,1.02,1.06,1.04,1.36,1.4,1.38
2026-07-15,40,1.02,1.06,1.04,1.44,1.48,1.46
2026-07-15,48,1.16,1.2,1.18,1.58,1.62,1.6
2026-07-15,60,0.96,1.0,0.98,1.44,1.48,1.46
2026-07-15,70,0.74,0.78,0.76,1.24,1.28,1.26
2026-07-15,84,0.52,0.56,0.54,0.96,1.0,0.98
2026-07-16,32,1.06,1.1,1.08,1.36,1.4,1.38
2026-07-16,36,1.06,1.1,1.08,1.36,1.4,1.38
2026-07-16,40,1.06,1.1,1.08,1.44,1.48,1.46
2026-07-16,48,1.16,1.2,1.18,1.58,1.62,1.6
2026-07-16,60,0.96,1.0,0.98,1.44,1.48,1.46
2026-07-16,70,0.74,0.78,0.76,1.24,1.28,1.26
2026-07-16,84,0.52,0.56,0.54,0.96,1.0,0.98
2026-07-17,32,1.08,1.12,1.1,1.36,1.4,1.38
2026-07-17,36,1.08,1.12,1.1,1.36,1.4,1.38
2026-07-17,40,1.08,1.12,1.1,1.44,1.48,1.46
2026-07-17,48,1.16,1.2,1.18,1.58,1.62,1.6
2026-07-17,60,0.94,0.98,0.96,1.44,1.48,1.46
2026-07-17,70,0.74,0.78,0.76,1.24,1.28,1.26
2026-07-17,84,0.52,0.56,0.54,0.96,1.0,0.98
2026-07-20,32,1.1,1.14,1.12,1.36,1.4,1.38
2026-07-20,36,1.1,1.14,1.12,1.36,1.4,1.38
2026-07-20,40,1.1,1.14,1.12,1.44,1.48,1.46
2026-07-20,48,1.16,1.2,1.18,1.58,1.62,1.6
2026-07-20,60,0.9,0.94,0.92,1.44,1.481,1.461
2026-07-20,70,0.7,0.74,0.72,1.24,1.28,1.26
2026-07-20,84,0.52,0.56,0.54,0.96,1.0,0.98
2026-07-21,32,1.12,1.16,1.14,1.36,1.4,1.38
2026-07-21,36,1.12,1.16,1.14,1.36,1.4,1.38
2026-07-21,40,1.12,1.16,1.14,1.44,1.48,1.46
2026-07-21,48,1.16,1.2,1.18,1.58,1.62,1.6
2026-07-21,60,0.88,0.92,0.9,1.44,1.48,1.46
2026-07-21,70,0.68,0.72,0.7,1.24,1.28,1.26
2026-07-21,84,0.52,0.56,0.54,0.96,1.0,0.98
