report_date,size,variety,price_low,price_high,price_mid,price_range
2026-06-10,32,Hass,1.06,1.1,1.08,$1.06 - $1.10
2026-06-10,32,Organic Hass,1.26,1.3,1.28,$1.26 - $1.30
2026-06-10,36,Hass,1.06,1.1,1.08,$1.06 - $1.10
2026-06-10,36,Organic Hass,1.26,1.3,1.28,$1.26 - $1.30
2026-06-10,40,Hass,1.06,1.1,1.08,$1.06 - $1.10
2026-06-10,40,Organic Hass,1.38,1.42,1.4,$1.38 - $1.42
2026-06-10,48,Hass,1.26,1.3,1.28,$1.26 - $1.30
2026-06-10,48,Organic Hass,1.52,1.56,1.54,$1.52 - $1.56
2026-06-10,60,Hass,1.18,1.22,1.2,$1.18 - $1.22
2026-06-10,60,Organic Hass,1.44,1.48,1.46,$1.44 - $1.48
2026-06-10,70,Hass,0.78,0.82,0.8,$0.78 - $0.82
2026-06-10,70,Organic Hass,1.22,1.26,1.24,$1.22 - $1.26
2026-06-10,84,Hass,0.58,0.62,0.6,$0.58 - $0.62
2026-06-10,84,Organic Hass,0.96,1.0,0.98,$0.96 - $1.00
2026-06-12,32,Hass,1.0,1.04,1.02,$1.00 - $1.04
2026-06-12,32,Organic Hass,1.26,1.3,1.28,$1.26 - $1.30
2026-06-12,36,Hass,1.0,1.04,1.02,$1.00 - $1.04
2026-06-12,36,Organic Hass,1.26,1.3,1.28,$1.26 - $1.30
2026-06-12,40,Hass,1.0,1.04,1.02,$1.00 - $1.04
2026-06-12,40,Organic Hass,1.38,1.42,1.4,$1.38 - $1.42
2026-06-12,48,Hass,1.26,1.3,1.28,$1.26 - $1.30
2026-06-12,48,Organic Hass,1.52,1.56,1.54,$1.52 - $1.56
2026-06-12,60,Hass,1.14,1.18,1.16,$1.14 - $1.18
2026-06-12,60,Organic Hass,1.44,1.48,1.46,$1.44 - $1.48
2026-06-12,70,Hass,0.8,0.84,0.82,$0.80 - $0.84
2026-06-12,70,Organic Hass,1.22,1.26,1.24,$1.22 - $1.26
2026-06-12,84,Hass,0.6,0.64,0.62,$0.60 - $0.64
2026-06-12,84,Organic Hass,0.96,1.0,0.98,$0.96 - $1.00
2026-06-17,32,Hass,1.0,1.04,1.02,$1.00 - $1.04
2026-06-17,32,Organic Hass,1.36,1.4,1.38,$1.36 - $1.40
2026-06-17,36,Hass,1.0,1.04,1.02,$1.00 - $1.04
2026-06-17,36,Organic Hass,1.36,1.4,1.38,$1.36 - $1.40
2026-06-17,40,Hass,1.0,1.04,1.02,$1.00 - $1.04
2026-06-17,40,Organic Hass,1.44,1.48,1.46,$1.44 - $1.48
2026-06-17,48,Hass,1.26,1.3,1.28,$1.26 - $1.30
2026-06-17,48,Organic Hass,1.58,1.62,1.6,$1.58 - $1.62
2026-06-17,60,Hass,1.14,1.18,1.16,$1.14 - $1.18
2026-06-17,60,Organic Hass,1.44,1.48,1.46,$1.44 - $1.48
2026-06-17,70,Hass,0.8,0.84,0.82,$0.80 - $0.84
2026-06-17,70,Organic Hass,1.24,1.28,1.26,$1.24 - $1.28
2026-06-17,84,Hass,0.6,0.64,0.62,$0.60 - $0.64
2026-06-17,84,Organic Hass,0.96,1.0,0.98,$0.96 - $1.00
2026-06-18,32,Hass,0.96,1.0,0.98,$0.96 - $1.00
2026-06-18,32,Organic Hass,1.36,1.4,1.38,$1.36 - $1.40
2026-06-18,36,Hass,0.96,1.0,0.98,$0.96 - $1.00
2026-06-18,36,Organic Hass,1.36,1.4,1.38,$1.36 - $1.40
2026-06-18,40,Hass,0.96,1.0,0.98,$0.96 - $1.00
2026-06-18,40,Organic Hass,1.44,1.48,1.46,$1.44 - $1.48
2026-06-18,48,Hass,1.22,1.26,1.24,$1.22 - $1.26
2026-06-18,48,Organic Hass,1.58,1.62,1.6,$1.58 - $1.62
2026-06-18,60,Hass,1.1,1.14,1.12,$1.10 - $1.14
2026-06-18,60,Organic Hass,1.44,1.48,1.46,$1.44 - $1.48
2026-06-18,70,Hass,0.76,0.8,0.78,$0.76 - $0.80
2026-06-18,70,Organic Hass,1.24,1.28,1.26,$1.24 - $1.28
2026-06-18,84,Hass,0.56,0.6,0.58,$0.56 - $0.60
2026-06-18,84,Organic Hass,0.96,1.0,0.98,$0.96 - $1.00
2026-06-19,32,Hass,0.96,1.0,0.98,$0.96 - $1.00
2026-06-19,32,Organic Hass,1.36,1.4,1.38,$1.36 - $1.40
2026-06-19,36,Hass,0.96,1.0,0.98,$0.96 - $1.00
2026-06-19,36,Organic Hass,1.36,1.4,1.38,$1.36 - $1.40
2026-06-19,40,Hass,0.96,1.0,0.98,$0.96 - $1.00
2026-06-19,40,Organic Hass,1.44,1.48,1.46,$1.44 - $1.48
2026-06-19,48,Hass,1.22,1.26,1.24,$1.22 - $1.26
2026-06-19,48,Organic Hass,1.58,1.62,1.6,$1.58 - $1.62
2026-06-19,60,Hass,1.1,1.14,1.12,$1.10 - $1.14
2026-06-19,60,Organic Hass,1.44,1.48,1.46,$1.44 - $1.48
2026-06-19,70,Hass,0.76,0.8,0.78,$0.76 - $0.80
2026-06-19,70,Organic Hass,1.24,1.28,1.26,$1.24 - $1.28
2026-06-19,84,Hass,0.56,0.6,0.58,$0.56 - $0.60
2026-06-19,84,Organic Hass,0.96,1.0,0.98,$0.96 - $1.00
2026-06-23,32,Hass,0.92,0.96,0.94,$0.92 - $0.96
2026-06-23,32,Organic Hass,1.36,1.4,1.38,$1.36 - $1.40
2026-06-23,36,Hass,0.92,0.96,0.94,$0.92 - $0.96
2026-06-23,36,Organic Hass,1.36,1.4,1.38,$1.36 - $1.40
2026-06-23,40,Hass,0.92,0.96,0.94,$0.92 - $0.96
2026-06-23,40,Organic Hass,1.44,1.48,1.46,$1.44 - $1.48
2026-06-23,48,Hass,1.16,1.2,1.18,$1.16 - $1.20
2026-06-23,48,Organic Hass,1.58,1.62,1.6,$1.58 - $1.62
2026-06-23,60,Hass,1.06,1.1,1.08,$1.06 - $1.10
2026-06-23,60,Organic Hass,1.44,1.48,1.46,$1.44 - $1.48
2026-06-23,70,Hass,0.76,0.8,0.78,$0.76 - $0.80
2026-06-23,70,Organic Hass,1.24,1.28,1.26,$1.24 - $1.28
2026-06-23,84,Hass,0.56,0.6,0.58,$0.56 - $0.60
2026-06-23,84,Organic Hass,0.96,1.0,0.98,$0.96 - $1.00
2026-06-24,32,Hass,0.92,0.96,0.94,$0.92 - $0.96
2026-06-24,32,Organic Hass,1.36,1.4,1.38,$1.36 - $1.40
2026-06-24,36,Hass,0.92,0.96,0.94,$0.92 - $0.96
2026-06-24,36,Organic Hass,1.36,1.4,1.38,$1.36 - $1.40
2026-06-24,40,Hass,0.92,0.96,0.94,$0.92 - $0.96
2026-06-24,40,Organic Hass,1.44,1.48,1.46,$1.44 - $1.48
2026-06-24,48,Hass,1.16,1.2,1.18,$1.16 - $1.20
2026-06-24,48,Organic Hass,1.58,1.62,1.6,$1.58 - $1.62
2026-06-24,60,Hass,1.06,1.1,1.08,$1.06 - $1.10
2026-06-24,60,Organic Hass,1.44,1.48,1.46,$1.44 - $1.48
2026-06-24,70,Hass,0.76,0.8,0.78,$0.76 - $0.80
2026-06-24,70,Organic Hass,1.24,1.28,1.26,$1.24 - $1.28
2026-06-24,84,Hass,0.56,0.6,0.58,$0.56 - $0.60
2026-06-24,84,Organic Hass,0.96,1.0,0.98,$0.96 - $1.00
2026-06-25,32,Hass,0.92,0.96,0.94,$0.92 - $0.96
2026-06-25,32,Organic Hass,1.36,1.4,1.38,$1.36 - $1.40
2026-06-25,36,Hass,0.92,0.96,0.94,$0.92 - $0.96
2026-06-25,36,Organic Hass,1.36,1.4,1.38,$1.36 - $1.40
2026-06-25,40,Hass,0.92,0.96,0.94,$0.92 - $0.96
2026-06-25,40,Organic Hass,1.44,1.48,1.46,$1.44 - $1.48
2026-06-25,48,Hass,1.16,1.2,1.18,$1.16 - $1.20
2026-06-25,48,Organic Hass,1.58,1.62,1.6,$1.58 - $1.62
2026-06-25,60,Hass,1.06,1.1,1.08,$1.06 - $1.10
2026-06-25,60,Organic Hass,1.44,1.48,1.46,$1.44 - $1.48
2026-06-25,70,Hass,0.76,0.8,0.78,$0.76 - $0.80
2026-06-25,70,Organic Hass,1.24,1.28,1.26,$1.24 - $1.28
2026-06-25,84,Hass,0.56,0.6,0.58,$0.56 - $0.60
2026-06-25,84,Organic Hass,0.96,1.0,0.98,$0.96 - $1.00
2026-06-26,32,Hass,0.92,0.96,0.94,$0.92 - $0.96
2026-06-26,32,Organic Hass,1.36,1.4,1.38,$1.36 - $1.40
2026-06-26,36,Hass,0.92,0.96,0.94,$0.92 - $0.96
2026-06-26,36,Organic Hass,1.36,1.4,1.38,$1.36 - $1.40
2026-06-26,40,Hass,0.92,0.96,0.94,$0.92 - $0.96
2026-06-26,40,Organic Hass,1.44,1.48,1.46,$1.44 - $1.48
2026-06-26,48,Hass,1.16,1.2,1.18,$1.16 - $1.20
2026-06-26,48,Organic Hass,1.58,1.62,1.6,$1.58 - $1.62
2026-06-26,60,Hass,1.06,1.1,1.08,$1.06 - $1.10
2026-06-26,60,Organic Hass,1.44,1.48,1.46,$1.44 - $1.48
2026-06-26,70,Hass,0.76,0.8,0.78,$0.76 - $0.80
2026-06-26,70,Organic Hass,1.24,1.28,1.26,$1.24 - $1.28
2026-06-26,84,Hass,0.56,0.6,0.58,$0.56 - $0.60
2026-06-26,84,Organic Hass,0.96,1.0,0.98,$0.96 - $1.00
2026-06-29,32,Hass,0.92,0.96,0.94,$0.92 - $0.96
2026-06-29,32,Organic Hass,1.36,1.4,1.38,$1.36 - $1.40
2026-06-29,36,Hass,0.92,0.96,0.94,$0.92 - $0.96
2026-06-29,36,Organic Hass,1.36,1.4,1.38,$1.36 - $1.40
2026-06-29,40,Hass,0.92,0.96,0.94,$0.92 - $0.96
2026-06-29,40,Organic Hass,1.44,1.48,1.46,$1.44 - $1.48
2026-06-29,48,Hass,1.16,1.2,1.18,$1.16 - $1.20
2026-06-29,48,Organic Hass,1.58,1.62,1.6,$1.58 - $1.62
2026-06-29,60,Hass,1.06,1.1,1.08,$1.06 - $1.10
2026-06-29,60,Organic Hass,1.44,1.48,1.46,$1.44 - $1.48
2026-06-29,70,Hass,0.76,0.8,0.78,$0.76 - $0.80
2026-06-29,70,Organic Hass,1.24,1.28,1.26,$1.24 - $1.28
2026-06-29,84,Hass,0.56,0.6,0.58,$0.56 - $0.60
2026-06-29,84,Organic Hass,0.96,1.0,0.98,$0.96 - $1.00
2026-06-30,32,Hass,0.92,0.96,0.94,$0.92 - $0.96
2026-06-30,32,Organic Hass,1.36,1.4,1.38,$1.36 - $1.40
2026-06-30,36,Hass,0.92,0.96,0.94,$0.92 - $0.96
2026-06-30,36,Organic Hass,1.36,1.4,1.38,$1.36 - $1.40
2026-06-30,40,Hass,0.92,0.96,0.94,$0.92 - $0.96
2026-06-30,40,Organic Hass,1.44,1.48,1.46,$1.44 - $1.48
2026-06-30,48,Hass,1.16,1.2,1.18,$1.16 - $1.20
2026-06-30,48,Organic Hass,1.58,1.62,1.6,$1.58 - $1.62
2026-06-30,60,Hass,1.06,1.1,1.08,$1.06 - $1.10
2026-06-30,60,Organic Hass,1.44,1.48,1.46,$1.44 - $1.48
2026-06-30,70,Hass,0.76,0.8,0.78,$0.76 - $0.80
2026-06-30,70,Organic Hass,1.24,1.28,1.26,$1.24 - $1.28
2026-06-30,84,Hass,0.56,0.6,0.58,$0.56 - $0.60
2026-06-30,84,Organic Hass,0.96,1.0,0.98,$0.96 - $1.00
2026-07-01,32,Hass,0.92,0.96,0.94,$0.92 - $0.96
2026-07-01,32,Organic Hass,1.36,1.4,1.38,$1.36 - $1.40
2026-07-01,36,Hass,0.92,0.96,0.94,$0.92 - $0.96
2026-07-01,36,Organic Hass,1.36,1.4,1.38,$1.36 - $1.40
2026-07-01,40,Hass,0.92,0.96,0.94,$0.92 - $0.96
2026-07-01,40,Organic Hass,1.44,1.48,1.46,$1.44 - $1.48
2026-07-01,48,Hass,1.16,1.2,1.18,$1.16 - $1.20
2026-07-01,48,Organic Hass,1.58,1.62,1.6,$1.58 - $1.62
2026-07-01,60,Hass,1.06,1.1,1.08,$1.06 - $1.10
2026-07-01,60,Organic Hass,1.44,1.48,1.46,$1.44 - $1.48
2026-07-01,70,Hass,0.76,0.8,0.78,$0.76 - $0.80
2026-07-01,70,Organic Hass,1.24,1.28,1.26,$1.24 - $1.28
2026-07-01,84,Hass,0.56,0.6,0.58,$0.56 - $0.60
2026-07-01,84,Organic Hass,0.96,1.0,0.98,$0.96 - $1.00
2026-07-02,32,Hass,0.92,0.96,0.94,$0.92 - $0.96
2026-07-02,32,Organic Hass,1.36,1.4,1.38,$1.36 - $1.40
2026-07-02,36,Hass,0.92,0.96,0.94,$0.92 - $0.96
2026-07-02,36,Organic Hass,1.36,1.4,1.38,$1.36 - $1.40
2026-07-02,40,Hass,0.92,0.96,0.94,$0.92 - $0.96
2026-07-02,40,Organic Hass,1.44,1.48,1.46,$1.44 - $1.48
2026-07-02,48,Hass,1.16,1.2,1.18,$1.16 - $1.20
2026-07-02,48,Organic Hass,1.58,1.62,1.6,$1.58 - $1.62
2026-07-02,60,Hass,1.06,1.1,1.08,$1.06 - $1.10
2026-07-02,60,Organic Hass,1.44,1.48,1.46,$1.44 - $1.48
2026-07-02,70,Hass,0.76,0.8,0.78,$0.76 - $0.80
2026-07-02,70,Organic Hass,1.24,1.28,1.26,$1.24 - $1.28
2026-07-02,84,Hass,0.56,0.6,0.58,$0.56 - $0.60
2026-07-02,84,Organic Hass,0.96,1.0,0.98,$0.96 - $1.00
2026-07-06,32,Hass,0.92,0.96,0.94,$0.92 - $0.96
2026-07-06,32,Organic Hass,1.36,1.4,1.38,$1.36 - $1.40
2026-07-06,36,Hass,0.92,0.96,0.94,$0.92 - $0.96
2026-07-06,36,Organic Hass,1.36,1.4,1.38,$1.36 - $1.40
2026-07-06,40,Hass,0.92,0.96,0.94,$0.92 - $0.96
2026-07-06,40,Organic Hass,1.44,1.48,1.46,$1.44 - $1.48
2026-07-06,48,Hass,1.16,1.2,1.18,$1.16 - $1.20
2026-07-06,48,Organic Hass,1.58,1.62,1.6,$1.58 - $1.62
2026-07-06,60,Hass,1.06,1.1,1.08,$1.06 - $1.10
2026-07-06,60,Organic Hass,1.44,1.48,1.46,$1.44 - $1.48
2026-07-06,70,Hass,0.76,0.8,0.78,$0.76 - $0.80
2026-07-06,70,Organic Hass,1.24,1.28,1.26,$1.24 - $1.28
2026-07-06,84,Hass,0.56,0.6,0.58,$0.56 - $0.60
2026-07-06,84,Organic Hass,0.96,1.0,0.98,$0.96 - $1.00
2026-07-07,32,Hass,0.92,0.96,0.94,$0.92 - $0.96
2026-07-07,32,Organic Hass,1.36,1.4,1.38,$1.36 - $1.40
2026-07-07,36,Hass,0.92,0.96,0.94,$0.92 - $0.96
2026-07-07,36,Organic Hass,1.36,1.4,1.38,$1.36 - $1.40
2026-07-07,40,Hass,0.92,0.96,0.94,$0.92 - $0.96
2026-07-07,40,Organic Hass,1.44,1.48,1.46,$1.44 - $1.48
2026-07-07,48,Hass,1.16,1.2,1.18,$1.16 - $1.20
2026-07-07,48,Organic Hass,1.58,1.62,1.6,$1.58 - $1.62
2026-07-07,60,Hass,1.06,1.1,1.08,$1.06 - $1.10
2026-07-07,60,Organic Hass,1.44,1.48,1.46,$1.44 - $1.48
2026-07-07,70,Hass,0.76,0.8,0.78,$0.76 - $0.80
2026-07-07,70,Organic Hass,1.24,1.28,1.26,$1.24 - $1.28
2026-07-07,84,Hass,0.56,0.6,0.58,$0.56 - $0.60
2026-07-07,84,Organic Hass,0.96,1.0,0.98,$0.96 - $1.00
2026-07-08,32,Hass,0.94,0.98,0.96,$0.94 - $0.98
2026-07-08,32,Organic Hass,1.36,1.4,1.38,$1.36 - $1.40
2026-07-08,36,Hass,0.94,0.98,0.96,$0.94 - $0.98
2026-07-08,36,Organic Hass,1.36,1.4,1.38,$1.36 - $1.40
2026-07-08,40,Hass,0.94,0.98,0.96,$0.94 - $0.98
2026-07-08,40,Organic Hass,1.44,1.48,1.46,$1.44 - $1.48
2026-07-08,48,Hass,1.16,1.2,1.18,$1.16 - $1.20
2026-07-08,48,Organic Hass,1.58,1.62,1.6,$1.58 - $1.62
2026-07-08,60,Hass,1.02,1.06,1.04,$1.02 - $1.06
2026-07-08,60,Organic Hass,1.44,1.48,1.46,$1.44 - $1.48
2026-07-08,70,Hass,0.76,0.8,0.78,$0.76 - $0.80
2026-07-08,70,Organic Hass,1.24,1.28,1.26,$1.24 - $1.28
2026-07-08,84,Hass,0.56,0.6,0.58,$0.56 - $0.60
2026-07-08,84,Organic Hass,0.96,1.0,0.98,$0.96 - $1.00
2026-07-09,32,Hass,0.94,0.98,0.96,$0.94 - $0.98
2026-07-09,32,Organic Hass,1.36,1.4,1.38,$1.36 - $1.40
2026-07-09,36,Hass,0.94,0.98,0.96,$0.94 - $0.98
2026-07-09,36,Organic Hass,1.36,1.4,1.38,$1.36 - $1.40
2026-07-09,40,Hass,0.94,0.98,0.96,$0.94 - $0.98
2026-07-09,40,Organic Hass,1.44,1.48,1.46,$1.44 - $1.48
2026-07-09,48,Hass,1.16,1.2,1.18,$1.16 - $1.20
2026-07-09,48,Organic Hass,1.58,1.62,1.6,$1.58 - $1.62
2026-07-09,60,Hass,1.02,1.06,1.04,$1.02 - $1.06
2026-07-09,60,Organic Hass,1.44,1.48,1.46,$1.44 - $1.48
2026-07-09,70,Hass,0.76,0.8,0.78,$0.76 - $0.80
2026-07-09,70,Organic Hass,1.24,1.28,1.26,$1.24 - $1.28
2026-07-09,84,Hass,0.56,0.6,0.58,$0.56 - $0.60
2026-07-09,84,Organic Hass,0.96,1.0,0.98,$0.96 - $1.00
2026-07-10,32,Hass,0.94,0.98,0.96,$0.94 - $0.98
2026-07-10,32,Organic Hass,1.36,1.4,1.38,$1.36 - $1.40
2026-07-10,36,Hass,0.94,0.98,0.96,$0.94 - $0.98
2026-07-10,36,Organic Hass,1.36,1.4,1.38,$1.36 - $1.40
2026-07-10,40,Hass,0.94,0.98,0.96,$0.94 - $0.98
2026-07-10,40,Organic Hass,1.44,1.48,1.46,$1.44 - $1.48
2026-07-10,48,Hass,1.16,1.2,1.18,$1.16 - $1.20
2026-07-10,48,Organic Hass,1.58,1.62,1.6,$1.58 - $1.62
2026-07-10,60,Hass,1.02,1.06,1.04,$1.02 - $1.06
2026-07-10,60,Organic Hass,1.44,1.48,1.46,$1.44 - $1.48
2026-07-10,70,Hass,0.76,0.8,0.78,$0.76 - $0.80
2026-07-10,70,Organic Hass,1.24,1.28,1.26,$1.24 - $1.28
2026-07-10,84,Hass,0.56,0.6,0.58,$0.56 - $0.60
2026-07-10,84,Organic Hass,0.96,1.0,0.98,$0.96 - $1.00
2026-07-13,32,Hass,0.98,1.02,1.0,$0.98 - $1.02
2026-07-13,32,Organic Hass,1.36,1.4,1.38,$1.36 - $1.40
2026-07-13,36,Hass,0.98,1.02,1.0,$0.98 - $1.02
2026-07-13,36,Organic Hass,1.36,1.4,1.38,$1.36 - $1.40
2026-07-13,40,Hass,0.98,1.02,1.0,$0.98 - $1.02
2026-07-13,40,Organic Hass,1.44,1.48,1.46,$1.44 - $1.48
2026-07-13,48,Hass,1.16,1.2,1.18,$1.16 - $1.20
2026-07-13,48,Organic Hass,1.58,1.62,1.6,$1.58 - $1.62
2026-07-13,60,Hass,0.98,1.02,1.0,$0.98 - $1.02
2026-07-13,60,Organic Hass,1.44,1.48,1.46,$1.44 - $1.48
2026-07-13,70,Hass,0.76,0.8,0.78,$0.76 - $0.80
2026-07-13,70,Organic Hass,1.24,1.28,1.26,$1.24 - $1.28
2026-07-13,84,Hass,0.56,0.6,0.58,$0.56 - $0.60
2026-07-13,84,Organic Hass,0.96,1.0,0.98,$0.96 - $1.00
2026-07-14,32,Hass,1.02,1.06,1.04,$1.02 - $1.06
2026-07-14,32,Organic Hass,1.36,1.4,1.38,$1.36 - $1.40
2026-07-14,36,Hass,1.02,1.06,1.04,$1.02 - $1.06
2026-07-14,36,Organic Hass,1.36,1.4,1.38,$1.36 - $1.40
2026-07-14,40,Hass,1.02,1.06,1.04,$1.02 - $1.06
2026-07-14,40,Organic Hass,1.44,1.48,1.46,$1.44 - $1.48
2026-07-14,48,Hass,1.16,1.2,1.18,$1.16 - $1.20
2026-07-14,48,Organic Hass,1.58,1.62,1.6,$1.58 - $1.62
2026-07-14,60,Hass,0.96,1.0,0.98,$0.96 - $1.00
2026-07-14,60,Organic Hass,1.44,1.48,1.46,$1.44 - $1.48
2026-07-14,70,Hass,0.74,0.78,0.76,$0.74 - $0.78
2026-07-14,70,Organic Hass,1.24,1.28,1.26,$1.24 - $1.28
2026-07-14,84,Hass,0.52,0.56,0.54,$0.52 - $0.56
2026-07-14,84,Organic Hass,0.96,1.0,0.98,$0.96 - $1.00
2026-07-15,32,Hass,1.02,1.06,1.04,$1.02 - $1.06
2026-07-15,32,Organic Hass,1.36,1.4,1.38,$1.36 - $1.40
2026-07-15,36,Hass,1.02,1.06,1.04,$1.02 - $1.06
2026-07-15,36,Organic Hass,1.36,1.4,1.38,$1.36 - $1.40
2026-07-15,40,Hass,1.02,1.06,1.04,$1.02 - $1.06
2026-07-15,40,Organic Hass,1.44,1.48,1.46,$1.44 - $1.48
2026-07-15,48,Hass,1.16,1.2,1.18,$1.16 - $1.20
2026-07-15,48,Organic Hass,1.58,1.62,1.6,$1.58 - $1.62
2026-07-15,60,Hass,0.96,1.0,0.98,$0.96 - $1.00
2026-07-15,60,Organic Hass,1.44,1.48,1.46,$1.44 - $1.48
2026-07-15,70,Hass,0.74,0.78,0.76,$0.74 - $0.78
2026-07-15,70,Organic Hass,1.24,1.28,1.26,$1.24 - $1.28
2026-07-15,84,Hass,0.52,0.56,0.54,$0.52 - $0.56
2026-07-15,84,Organic Hass,0.96,1.0,0.98,$0.96 - $1.00
2026-07-16,32,Hass,1.06,1.1,1.08,$1.06 - $1.10
2026-07-16,32,Organic Hass,1.36,1.4,1.38,$1.36 - $1.40
2026-07-16,36,Hass,1.06,1.1,1.08,$1.06 - $1.10
2026-07-16,36,Organic Hass,1.36,1.4,1.38,$1.36 - $1.40
2026-07-16,40,Hass,1.06,1.1,1.08,$1.06 - $1.10
2026-07-16,40,Organic Hass,1.44,1.48,1.46,$1.44 - $1.48
2026-07-16,48,Hass,1.16,1.2,1.18,$1.16 - $1.20
2026-07-16,48,Organic Hass,1.58,1.62,1.6,$1.58 - $1.62
2026-07-16,60,Hass,0.96,1.0,0.98,$0.96 - $1.00
2026-07-16,60,Organic Hass,1.44,1.48,1.46,$1.44 - $1.48
2026-07-16,70,Hass,0.74,0.78,0.76,$0.74 - $0.78
2026-07-16,70,Organic Hass,1.24,1.28,1.26,$1.24 - $1.28
2026-07-16,84,Hass,0.52,0.56,0.54,$0.52 - $0.56
2026-07-16,84,Organic Hass,0.96,1.0,0.98,$0.96 - $1.00
2026-07-17,32,Hass,1.08,1.12,1.1,$1.08 - $1.12
2026-07-17,32,Organic Hass,1.36,1.4,1.38,$1.36 - $1.40
2026-07-17,36,Hass,1.08,1.12,1.1,$1.08 - $1.12
2026-07-17,36,Organic Hass,1.36,1.4,1.38,$1.36 - $1.40
2026-07-17,40,Hass,1.08,1.12,1.1,$1.08 - $1.12
2026-07-17,40,Organic Hass,1.44,1.48,1.46,$1.44 - $1.48
2026-07-17,48,Hass,1.16,1.2,1.18,$1.16 - $1.20
2026-07-17,48,Organic Hass,1.58,1.62,1.6,$1.58 - $1.62
2026-07-17,60,Hass,0.94,0.98,0.96,$0.94 - $0.98
2026-07-17,60,Organic Hass,1.44,1.48,1.46,$1.44 - $1.48
2026-07-17,70,Hass,0.74,0.78,0.76,$0.74 - $0.78
2026-07-17,70,Organic Hass,1.24,1.28,1.26,$1.24 - $1.28
2026-07-17,84,Hass,0.52,0.56,0.54,$0.52 - $0.56
2026-07-17,84,Organic Hass,0.96,1.0,0.98,$0.96 - $1.00
2026-07-20,32,Hass,1.1,1.14,1.12,$1.10 - $1.14
2026-07-20,32,Organic Hass,1.36,1.4,1.38,$1.36 - $1.40
2026-07-20,36,Hass,1.1,1.14,1.12,$1.10 - $1.14
2026-07-20,36,Organic Hass,1.36,1.4,1.38,$1.36 - $1.40
2026-07-20,40,Hass,1.1,1.14,1.12,$1.10 - $1.14
2026-07-20,40,Organic Hass,1.44,1.48,1.46,$1.44 - $1.48
2026-07-20,48,Hass,1.16,1.2,1.18,$1.16 - $1.20
2026-07-20,48,Organic Hass,1.58,1.62,1.6,$1.58 - $1.62
2026-07-20,60,Hass,0.9,0.94,0.92,$0.90 - $0.94
2026-07-20,60,Organic Hass,1.44,1.481,1.461,$1.44 - $1.48
2026-07-20,70,Hass,0.7,0.74,0.72,$0.70 - $0.74
2026-07-20,70,Organic Hass,1.24,1.28,1.26,$1.24 - $1.28
2026-07-20,84,Hass,0.52,0.56,0.54,$0.52 - $0.56
2026-07-20,84,Organic Hass,0.96,1.0,0.98,$0.96 - $1.00
2026-07-21,32,Hass,1.12,1.16,1.14,$1.12 - $1.16
2026-07-21,32,Organic Hass,1.36,1.4,1.38,$1.36 - $1.40
2026-07-21,36,Hass,1.12,1.16,1.14,$1.12 - $1.16
2026-07-21,36,Organic Hass,1.36,1.4,1.38,$1.36 - $1.40
2026-07-21,40,Hass,1.12,1.16,1.14,$1.12 - $1.16
2026-07-21,40,Organic Hass,1.44,1.48,1.46,$1.44 - $1.48
2026-07-21,48,Hass,1.16,1.2,1.18,$1.16 - $1.20
2026-07-21,48,Organic Hass,1.58,1.62,1.6,$1.58 - $1.62
2026-07-21,60,Hass,0.88,0.92,0.9,$0.88 - $0.92
2026-07-21,60,Organic Hass,1.44,1.48,1.46,$1.44 - $1.48
2026-07-21,70,Hass,0.68,0.72,0.7,$0.68 - $0.72
2026-07-21,70,Organic Hass,1.24,1.28,1.26,$1.24 - $1.28
2026-07-21,84,Hass,0.52,0.56,0.54,$0.52 - $0.56
2026-07-21,84,Organic Hass,0.96,1.0,0.98,$0.96 - $1.00
