logged_at,statement_date,pool_number,variety,period_start,period_end,block_parcel,index_block_id,bins_received,lbs_grade1,lbs_grade2,lbs_culls,lbs_total,gross_amount,charges_total,net_amount,field_receipts,pdf_file_id,pdf_url,extraction_confidence,notes
7/30/2026 11:46:35,2023-08-04,36,Hass,2023-07-02,2023-07-08,Sb Farm Gr1532,231532HA001,72,64512.8,1787.7,1670.5,67971.0,74666.46,15370.0,59296.46,072895 073390 073391 075018 075024,1F9ttjvXAvMt2SCVP8uO5hQrm_BkbQeJp,https://drive.google.com/file/d/1F9ttjvXAvMt2SCVP8uO5hQrm_BkbQeJp/view?usp=drivesdk,ocr_reviewed,
7/30/2026 11:46:57,2023-08-11,37,Hass,2023-07-09,2023-07-15,Sb Farm Gr1532,231532HA001,88,79345.3,1185.6,1524.1,82055.0,89330.4,18753.27,70577.13,066625 066626 066627 066628 072896 073387 073388,1rcjAcfyDTHW0LR6RjmKAVypM-fhmj6IC,https://drive.google.com/file/d/1rcjAcfyDTHW0LR6RjmKAVypM-fhmj6IC/view?usp=drivesdk,ocr_reviewed,
7/30/2026 11:48:29,2023-08-18,38,Hass,2023-07-16,2023-07-22,Sb Farm Gr1532,231532HA001,75,66040.7,876.3,2126.0,69043.0,76113.66,15939.63,60174.03,065487 065488 066624 073386,1p0We28LtqhsOfkx0FjMN9ihFLw8PK7Cg,https://drive.google.com/file/d/1p0We28LtqhsOfkx0FjMN9ihFLw8PK7Cg/view?usp=drivesdk,ocr_reviewed,
7/30/2026 11:49:39,2024-05-24,26,Hass,2024-04-21,2024-04-27,Sb Farm Gr1532,241532HA001,23,18536.9,2952.7,1131.4,22621.0,24633.2,5107.43,19525.77,065435 085272,1kSRjQMLRwvbx2jEmmChni5QR08Mm_0K9,https://drive.google.com/file/d/1kSRjQMLRwvbx2jEmmChni5QR08Mm_0K9/view?usp=drivesdk,ocr_reviewed,
7/30/2026 11:50:28,2024-05-31,27,Hass,2024-04-28,2024-05-04,Sb Farm Gr1532,241532HA001,31,24158.5,3224.4,2529.1,29912.0,33349.0,6847.42,26501.58,073394 073395 081334,1xqNJzs5yKnPJQq0uIaixgRKrSXVSM-3c,https://drive.google.com/file/d/1xqNJzs5yKnPJQq0uIaixgRKrSXVSM-3c/view?usp=drivesdk,ocr_reviewed,
7/30/2026 11:51:02,2024-06-07,28,Hass,2024-05-05,2024-05-11,Sb Farm Gr1532,241532HA001,52,38599.4,8573.6,3335.0,50508.0,55688.48,10996.54,44691.94,085108 085135 085136 085137 085139 085140 085226,1qeGNdejxc-qIytjNeOqdUnw4_w_j-Ppf,https://drive.google.com/file/d/1qeGNdejxc-qIytjNeOqdUnw4_w_j-Ppf/view?usp=drivesdk,ocr_reviewed,
7/30/2026 11:51:33,2024-06-14,29,Hass,2024-05-12,2024-05-18,Sb Farm Gr1532,241532HA001,5,3400.6,669.7,283.7,4354.0,4400.41,199.67,4200.74,073309 073313,10JU1jGYPvoeF9p4m1YjaUaJL6U1IAgEr,https://drive.google.com/file/d/10JU1jGYPvoeF9p4m1YjaUaJL6U1IAgEr/view?usp=drivesdk,ocr_reviewed,
7/30/2026 11:52:02,2024-06-21,30,Hass,2024-05-19,2024-05-25,Sb Farm Gr1532,241532HA001,4,2326.7,773.6,319.6,3420.0,3559.68,157.62,3402.75,073365 085222,1_iJWWmPo6PDDubeIcnZS_Gx_1pjPkxuQ,https://drive.google.com/file/d/1_iJWWmPo6PDDubeIcnZS_Gx_1pjPkxuQ/view?usp=drivesdk,ocr_reviewed,
7/30/2026 11:52:27,2024-06-28,31,Hass,2024-05-26,2024-06-01,Sb Farm Gr1532,241532HA001,4,2340.9,591.7,447.4,3380.0,3230.15,146.01,3084.49,81390,16rSmVkmRv7tniwGVgTmUba6yhbYbbnl7,https://drive.google.com/file/d/16rSmVkmRv7tniwGVgTmUba6yhbYbbnl7/view?usp=drivesdk,ocr_reviewed,
7/30/2026 11:52:02,2024-07-19,34,Hass,2024-06-16,2024-06-22,Sb Farm Gr1532,241532HA001,15,10300.3,2718.9,1487.9,14507.0,19738.24,,16343.62,,,,,
7/30/2026 12:20:58,2024-07-18,34,Hass,2024-06-16,2024-06-22,Gr1532,,16,9570.6,4068.4,1806.1,15445.0,2040.19,,18403.33,202418,10zsVranX_JkN3Qyqrhy49OAraCl4U-VG,https://drive.google.com/file/d/10zsVranX_JkN3Qyqrhy49OAraCl4U-VG/view?usp=drivesdk,ocr_reviewed,
7/30/2026 12:22:24,2024-07-26,35,Hass,2024-06-23,2024-06-29,Sb Farm,,68,56428.2,6518.9,2024.9,64972.0,93833.34,15584.91,78248.43,053527 069260 073337 073338 073339 082492 202410,1lJa3_sxiC2VQFDBesD6FljzXm1kehXdH,https://drive.google.com/file/d/1lJa3_sxiC2VQFDBesD6FljzXm1kehXdH/view?usp=drivesdk,ocr_reviewed,
7/30/2026 12:23:34,2024-07-26,35,Hass,2024-06-23,2024-06-29,Sb Farm,,24,18844.0,3478.0,819.0,23141.0,34354.77,5531.05,28823.72,085112 202410,1Olo-ZDiD7mlmQEUW4W6xTDnpxf14CXRm,https://drive.google.com/file/d/1Olo-ZDiD7mlmQEUW4W6xTDnpxf14CXRm/view?usp=drivesdk,ocr_reviewed,
7/30/2026 12:25:37,2024-07-26,35,Hass,2024-06-23,2024-06-29,Sb Farm,241,37,29725.5,4092.5,1675.1,35493.0,52466.31,8500.96,43965.35,082497 082499 202410,1g8m8QkJUutM4uuedYxWEy4_gEmcSmGbJ,https://drive.google.com/file/d/1g8m8QkJUutM4uuedYxWEy4_gEmcSmGbJ/view?usp=drivesdk,ocr_reviewed,
7/30/2026 12:26:32,2024-08-02,36,Hass,2024-06-30,2024-07-06,Sb Farm Gr1532,241532HA001,99,73228.2,16646.8,5519.0,95394.0,131275.7,22525.53,108750.17,065439 069261 069262 069263 082432,1XRB_cvP08iQFMyosNojJmZGIm47cdZ9W,https://drive.google.com/file/d/1XRB_cvP08iQFMyosNojJmZGIm47cdZ9W/view?usp=drivesdk,ocr_reviewed,
7/30/2026 12:29:00,2024-08-09,37,Hass,2024-07-07,2024-07-13,Sb Farm Gr1532,241532HA001,100,76905.0,15626.3,4167.7,96699.0,113513.4,22367.3,91146.1,053531 053533 069264 069266 082479 082481,12Vwxyq_JuCBMw6XrF4EC8jIbBl0YjKe8,https://drive.google.com/file/d/12Vwxyq_JuCBMw6XrF4EC8jIbBl0YjKe8/view?usp=drivesdk,ocr_reviewed,
7/30/2026 12:29:53,2024-08-16,38,Hass,2024-07-14,2024-07-20,Sb Farm Gr1532,241532HA001,63,41540.1,12869.2,5073.8,59483.0,72315.28,13924.8,58390.48,053534 069256 078700 078865,1UZIUeak0G6U0jWAgbhqMDU_26Chi2_5S,https://drive.google.com/file/d/1UZIUeak0G6U0jWAgbhqMDU_26Chi2_5S/view?usp=drivesdk,ocr_reviewed,
7/30/2026 12:30:59,2025-07-23,34,Hass,2025-06-22,2025-06-28,Godornicez,251532HA003,29,24933.7,1287.2,538.2,26759.0,32218.45,6127.26,26091.19,079029 079030,1xqzl5BAxZiXAkp7AG121R2OUlwpInR6I,https://drive.google.com/file/d/1xqzl5BAxZiXAkp7AG121R2OUlwpInR6I/view?usp=drivesdk,ocr_reviewed,
7/30/2026 12:31:00,2025-07-23,34,Hass,2025-06-22,2025-06-28,Los Cuervo,251532HA015,42,33794.6,4072.2,1265.2,39132.0,39122.71,8945.98,30176.73,079024 079026 079028,1xqzl5BAxZiXAkp7AG121R2OUlwpInR6I,https://drive.google.com/file/d/1xqzl5BAxZiXAkp7AG121R2OUlwpInR6I/view?usp=drivesdk,ocr_reviewed,
7/30/2026 12:31:01,2025-07-23,34,Hass,2025-06-22,2025-06-28,Tecolotes,251532HA005,5,4289.6,213.8,58.7,4562.0,5458.0,1045.59,4412.41,79034,1xqzl5BAxZiXAkp7AG121R2OUlwpInR6I,https://drive.google.com/file/d/1xqzl5BAxZiXAkp7AG121R2OUlwpInR6I/view?usp=drivesdk,ocr_reviewed,
7/30/2026 12:31:02,2025-07-23,34,Hass,2025-06-22,2025-06-28,Venados,251532HA006,9,7805.2,447.9,83.9,8337.0,9407.23,1911.5,7495.73,079031 079035,1xqzl5BAxZiXAkp7AG121R2OUlwpInR6I,https://drive.google.com/file/d/1xqzl5BAxZiXAkp7AG121R2OUlwpInR6I/view?usp=drivesdk,ocr_reviewed,
7/30/2026 12:31:25,2025-07-31,35,Hass,2025-06-29,2025-07-05,El Puma,251532HA009,20,17285.5,1259.3,238.3,18783.0,25975.77,4264.85,21710.92,009768 089207,13mkyB1QlidwmMcTqkjb8Q66lRz8BBStw,https://drive.google.com/file/d/13mkyB1QlidwmMcTqkjb8Q66lRz8BBStw/view?usp=drivesdk,ocr_reviewed,
7/30/2026 12:31:26,2025-07-31,35,Hass,2025-06-29,2025-07-05,Las Abejas,251532HA010,22,19368.7,881.4,419.9,20250.1,23696.76,4688.58,19014.25,089171 089179 089203,13mkyB1QlidwmMcTqkjb8Q66lRz8BBStw,https://drive.google.com/file/d/13mkyB1QlidwmMcTqkjb8Q66lRz8BBStw/view?usp=drivesdk,ocr_reviewed,
7/30/2026 12:31:27,2025-07-31,35,Hass,2025-06-29,2025-07-05,Venados,251532HA006,37,9350.5,1459.8,1048.7,34569.0,32065.19,7831.02,24249.27,009769 079040 089167 089173 089202,13mkyB1QlidwmMcTqkjb8Q66lRz8BBStw,https://drive.google.com/file/d/13mkyB1QlidwmMcTqkjb8Q66lRz8BBStw/view?usp=drivesdk,ocr_reviewed,
7/30/2026 12:31:57,2025-08-14,37,Hass,2025-07-13,2025-07-19,Ardillas,251532HA002,31,24193.5,4133.1,1066.5,29393.0,33586.72,6681.28,26905.44,088865 089222,1efWfyjQPcmqANhH72Neg28_m_gfP_yb4,https://drive.google.com/file/d/1efWfyjQPcmqANhH72Neg28_m_gfP_yb4/view?usp=drivesdk,ocr_reviewed,
7/30/2026 12:31:58,2025-08-14,37,Hass,2025-07-13,2025-07-19,La Casa,251532HA014,5,2784.1,1021.5,370.4,4176.0,3600.68,942.65,2658.54,89221,1efWfyjQPcmqANhH72Neg28_m_gfP_yb4,https://drive.google.com/file/d/1efWfyjQPcmqANhH72Neg28_m_gfP_yb4/view?usp=drivesdk,ocr_reviewed,
7/30/2026 12:32:29,2026-06-27,30,Hass,2026-05-24,2026-05-30,Caballos,261532HA002,19,17058.0,1107.2,481.9,18647.0,19199.81,3500.36,15699.45,086329 088814,1ejwgR25AUZ_JhC0zdYlLePZuJF4jmvtW,https://drive.google.com/file/d/1ejwgR25AUZ_JhC0zdYlLePZuJF4jmvtW/view?usp=drivesdk,ocr_reviewed,
7/30/2026 12:32:30,2026-06-27,30,Hass,2026-05-24,2026-05-30,La Casa,261532HA006,15,13420.4,803.5,203.1,14427.0,15421.93,2714.17,12707.76,88816,1ejwgR25AUZ_JhC0zdYlLePZuJF4jmvtW,https://drive.google.com/file/d/1ejwgR25AUZ_JhC0zdYlLePZuJF4jmvtW/view?usp=drivesdk,ocr_reviewed,
7/30/2026 12:32:31,2026-06-27,30,Hass,2026-05-24,2026-05-30,Las Abejas,261532HA007,8,6827.5,414.9,358.6,7601.0,8058.35,1421.21,6637.14,86327,1ejwgR25AUZ_JhC0zdYlLePZuJF4jmvtW,https://drive.google.com/file/d/1ejwgR25AUZ_JhC0zdYlLePZuJF4jmvtW/view?usp=drivesdk,ocr_reviewed,
7/30/2026 12:32:32,2026-06-27,30,Hass,2026-05-24,2026-05-30,Los Cuervo,261532HA008,18,15946.1,847.3,621.6,17415.0,17174.05,3263.15,13910.9,085847 088815,1ejwgR25AUZ_JhC0zdYlLePZuJF4jmvtW,https://drive.google.com/file/d/1ejwgR25AUZ_JhC0zdYlLePZuJF4jmvtW/view?usp=drivesdk,ocr_reviewed,
7/30/2026 12:32:34,2026-06-27,30,Hass,2026-05-24,2026-05-30,Tecolotes,261532HA011,12,10576.7,618.7,362.6,11558.0,11479.52,2167.41,9312.11,086237 086326,1ejwgR25AUZ_JhC0zdYlLePZuJF4jmvtW,https://drive.google.com/file/d/1ejwgR25AUZ_JhC0zdYlLePZuJF4jmvtW/view?usp=drivesdk,ocr_reviewed,
8/1/2026 14:40:00,2026-05-31,31,Hass,2026-05-31,2026-06-06,Ardillas,261532HA001,20,16411.7,2107.4,837.9,19357.0,19580.99,3617.71,15963.28,94201,1j8XkIWjoHXw_MZ6LCEC82YwRNzK_Aej5,https://drive.google.com/file/d/1j8XkIWjoHXw_MZ6LCEC82YwRNzK_Aej5/view?usp=drivesdk,ocr_reviewed,
8/1/2026 14:40:01,2026-05-31,31,Hass,2026-05-31,2026-06-06,Godornicez,261532HA005,32,27636.1,2055.7,1396.3,31088.0,30817.47,5808.49,25008.98,085843 086281,1j8XkIWjoHXw_MZ6LCEC82YwRNzK_Aej5,https://drive.google.com/file/d/1j8XkIWjoHXw_MZ6LCEC82YwRNzK_Aej5/view?usp=drivesdk,ocr_reviewed,
8/1/2026 14:40:02,2026-05-31,31,Hass,2026-05-31,2026-06-06,Tecolotes,261532HA011,20,17878.1,982.2,475.7,19336.0,19482.54,3626.46,15856.08,94202,1j8XkIWjoHXw_MZ6LCEC82YwRNzK_Aej5,https://drive.google.com/file/d/1j8XkIWjoHXw_MZ6LCEC82YwRNzK_Aej5/view?usp=drivesdk,ocr_reviewed,
8/1/2026 14:40:03,2026-05-31,31,Hass,2026-05-31,2026-06-06,Venados,261532HA012,28,24283.7,1813.8,871.5,26969.0,24468.98,5050.76,19418.22,085844 086282,1j8XkIWjoHXw_MZ6LCEC82YwRNzK_Aej5,https://drive.google.com/file/d/1j8XkIWjoHXw_MZ6LCEC82YwRNzK_Aej5/view?usp=drivesdk,ocr_reviewed,
8/1/2026 14:42:13,2026-07-09,32,Hass,2026-06-07,2026-06-13,Ardillas,261532HA001,15,13005.5,866.1,673.4,14545.0,13723.15,2746.43,10976.72,85851,1HtKX6LnZE_fKNohvhYdaAMsG48FMl3UR,https://drive.google.com/file/d/1HtKX6LnZE_fKNohvhYdaAMsG48FMl3UR/view?usp=drivesdk,ocr_reviewed,
8/1/2026 14:42:14,2026-07-09,32,Hass,2026-06-07,2026-06-13,Gavilanes,261532HA004,50,44290.8,2276.0,1495.2,48062.0,51215.02,9100.71,42114.31,085855 085856 085867,1HtKX6LnZE_fKNohvhYdaAMsG48FMl3UR,https://drive.google.com/file/d/1HtKX6LnZE_fKNohvhYdaAMsG48FMl3UR/view?usp=drivesdk,ocr_reviewed,
8/1/2026 14:42:15,2026-07-09,32,Hass,2026-06-07,2026-06-13,Las Abejas,261532HA007,27,24024.2,1322.6,663.2,26010.0,24324.36,4930.24,19394.12,085850 085852 085854,1HtKX6LnZE_fKNohvhYdaAMsG48FMl3UR,https://drive.google.com/file/d/1HtKX6LnZE_fKNohvhYdaAMsG48FMl3UR/view?usp=drivesdk,ocr_reviewed,
8/1/2026 14:42:17,2026-07-09,32,Hass,2026-06-07,2026-06-13,Venados,261532HA012,8,6954.1,458.4,261.6,7674.0,7138.86,1452.28,5686.58,85849,1HtKX6LnZE_fKNohvhYdaAMsG48FMl3UR,https://drive.google.com/file/d/1HtKX6LnZE_fKNohvhYdaAMsG48FMl3UR/view?usp=drivesdk,ocr_reviewed,
8/1/2026 14:43:20,2026-07-16,33,Hass,2026-06-14,2026-06-20,El Puma,261532HA003,50,45466.8,1857.4,782.8,48107.0,49988.81,9037.17,40951.64,085869 085879 085880,1BnHytMsJXV3Othtv_b2LqQdvTmt2kUk0,https://drive.google.com/file/d/1BnHytMsJXV3Othtv_b2LqQdvTmt2kUk0/view?usp=drivesdk,ocr_reviewed,
8/1/2026 14:43:21,2026-07-16,33,Hass,2026-06-14,2026-06-20,Osos,261532HA009,15,13428.2,689.1,386.7,14504.0,15051.54,2719.42,12332.12,85878,1BnHytMsJXV3Othtv_b2LqQdvTmt2kUk0,https://drive.google.com/file/d/1BnHytMsJXV3Othtv_b2LqQdvTmt2kUk0/view?usp=drivesdk,ocr_reviewed,
8/1/2026 14:45:10,2026-07-24,34,Hass,2026-06-21,2026-06-27,El Puma,261532HA003,3,2749.9,134.4,35.6,2920.0,2949.66,548.89,2400.77,85882,1p8A4sefA-STo85_Vd7jdudO6cuyJiDcB,https://drive.google.com/file/d/1p8A4sefA-STo85_Vd7jdudO6cuyJiDcB/view?usp=drivesdk,ocr_reviewed,
8/1/2026 14:45:11,2026-07-24,34,Hass,2026-06-21,2026-06-27,Codornices,261532HA005,3,1893.4,141.0,45.6,2080.0,1933.2,71.2,1862.0,085886 085889,1p8A4sefA-STo85_Vd7jdudO6cuyJiDcB,https://drive.google.com/file/d/1p8A4sefA-STo85_Vd7jdudO6cuyJiDcB/view?usp=drivesdk,ocr_reviewed,
8/1/2026 14:45:11,2026-07-24,34,Hass,2026-06-21,2026-06-27,La Casa,261532HA006,1,868.0,23.7,16.5,955.0,804.84,32.85,771.99,85885,1p8A4sefA-STo85_Vd7jdudO6cuyJiDcB,https://drive.google.com/file/d/1p8A4sefA-STo85_Vd7jdudO6cuyJiDcB/view?usp=drivesdk,ocr_reviewed,
8/1/2026 14:45:12,2026-07-24,34,Hass,2026-06-21,2026-06-27,Ranas,261532HA010,11,9972.1,505.1,158.8,10636.0,11030.92,1998.34,9032.58,85883,1p8A4sefA-STo85_Vd7jdudO6cuyJiDcB,https://drive.google.com/file/d/1p8A4sefA-STo85_Vd7jdudO6cuyJiDcB/view?usp=drivesdk,ocr_reviewed,
8/1/2026 14:45:13,2026-07-24,34,Hass,2026-06-21,2026-06-27,Tecolotes,261532HA011,2,1680.4,153.0,90.6,1924.0,1712.97,64.19,1648.78,85884,1p8A4sefA-STo85_Vd7jdudO6cuyJiDcB,https://drive.google.com/file/d/1p8A4sefA-STo85_Vd7jdudO6cuyJiDcB/view?usp=drivesdk,ocr_reviewed,
8/4/2026 11:16:24,2026-07-04,35,Hass,2026-06-28,2026-07-04,Caballos,261532HA002,1,876.7,27.1,,1008.0,875.95,33.97,841.98,91737,1ldgC56s5rTClEiGbFQRRQWR0YQayYYyR,https://drive.google.com/file/d/1ldgC56s5rTClEiGbFQRRQWR0YQayYYyR/view?usp=drivesdk,ocr_reviewed,
8/4/2026 11:16:25,2026-07-04,35,Hass,2026-06-28,2026-07-04,Las Abejas,261532HA007,1,887.1,131.1,31.9,1050.0,812.98,35.65,777.33,91772,1ldgC56s5rTClEiGbFQRRQWR0YQayYYyR,https://drive.google.com/file/d/1ldgC56s5rTClEiGbFQRRQWR0YQayYYyR/view?usp=drivesdk,ocr_reviewed,
8/4/2026 11:16:26,2026-07-04,35,Hass,2026-06-28,2026-07-04,Venados,261532HA012,1,849.5,152.4,52.1,1054.0,753.6,35.06,718.54,91773,1ldgC56s5rTClEiGbFQRRQWR0YQayYYyR,https://drive.google.com/file/d/1ldgC56s5rTClEiGbFQRRQWR0YQayYYyR/view?usp=drivesdk,ocr_reviewed,
