SUMMERLAND FARM — Avocado one-page executive summary,,,,,
"Snapshot as delivered Aug 21, 2026. Live version: Google Sheets DASHBOARD tab built by pipeline/master_sheet/DashboardSetup.gs",,,,,
,,,,,
THIS YEAR · 2026,,,,,
Revenue (net),Lbs harvested,Avg $/lb (gross),Bins picked,Gross revenue,#1 lbs
"$284,023","346,927",$1.00,360,"$347,999","316,985"
,,,,,
OPERATIONS / FINANCE STRIP,,,,,
Latest week bins picked,Latest week,Labor cost (year)*,Labor hours (year)*,,
3,6/22/26,"$36,971","1,369.3",,
,,,,,
YEAR-OVER-YEAR · 2026 vs 2025,,,,,
Metric,2026,2025,Change,,
Revenue (net),"$284,023","$162,714","+$121,309",,
Lbs harvested,"346,927","185,961","+160,966",,
Bins picked,360,200,+160,,
Avg $/lb (gross),$1.00,$1.10,-$0.10,,
,,,,,
HISTORICAL TRENDS — BY YEAR,,,,,
(chart: Net $ by year),,,,,
Year,Net $,Gross $,Lbs,Bins,Avg $/lb (gross)
2021,"$503,396","$611,144","570,716",630,$1.07
2022,"$440,349","$475,850","272,910",293,$1.74
2023,"$190,048","$240,111","219,069",235,$1.10
2024,"$545,478","$644,398","519,329",541,$1.24
2025,"$162,714","$205,132","185,961",200,$1.10
2026,"$284,023","$347,999","346,927",360,$1.00
,,,,,
GRADE MIX · 2026,,,,,
(chart: donut),,,,,
Grade,Lbs,Share,,,
Grade #1,"316,985",91.4%,,,
Grade #2,"19,488",5.6%,,,
Culls,"10,303",3.0%,,,
,,,,,
WEEKLY HARVEST / BINS PICKED · 2026,,,,,
(chart: line),,,,,
Week of,Bins,,,,
5/18/26,72,,,,
5/25/26,100,,,,
6/1/26,100,,,,
6/8/26,65,,,,
6/15/26,20,,,,
6/22/26,3,,,,
,,,,,
BLOCK PERFORMANCE — YEARLY · 2026,,,,,
$/lb (gross) = gross ÷ lbs. Net $ is after Index Fresh charges.,,,,,
Block,Bins,Lbs,Net $,$/lb (gross),
El Puma,53,"51,027","$43,352",$1.04,
Gavilanes,50,"48,062","$42,114",$1.07,
Ardillas,35,"33,902","$26,940",$0.98,
Tecolotes,34,"32,818","$26,817",$1.00,
Las Abejas,36,"34,661","$26,809",$0.96,
Venados,37,"35,697","$25,823",$0.91,
Godornicez,32,"31,088","$25,009",$0.99,
Caballos,20,"19,655","$16,541",$1.02,
Los Cuervo,18,"17,415","$13,911",$0.99,
La Casa,16,"15,382","$13,480",$1.05,
Osos,15,"14,504","$12,332",$1.04,
Ranas,11,"10,636","$9,033",$1.04,
Codornices,3,"2,080","$1,862",$0.93,
Total,360,"346,927","$284,023",,
,,,,,
LABOR COST BY WEEK · 2026*,,,,,
Est. cost = hours × $27/hr (all activities),,,,,
Week of,Labor $,Hours,,,
5/25/26,"$3,785",140.2,,,
6/1/26,"$3,734",138.3,,,
6/8/26,"$3,259",120.7,,,
6/15/26,"$3,761",139.3,,,
6/22/26,"$3,035",112.4,,,
6/29/26,"$3,877",143.6,,,
7/6/26,"$3,488",129.2,,,
7/13/26,"$1,941",71.9,,,
7/20/26,"$2,095",77.6,,,
7/27/26,"$1,893",70.1,,,
8/3/26,"$1,982",73.4,,,
8/10/26,"$2,020",74.8,,,
8/17/26,"$2,101",77.8,,,
,,,,,
MARKET — HASS MID $/LB (FRESH FACTS),,,,,
(chart: line by size) · auto-imported from Gmail reports,,,,,
Latest report,Size 48,Size 60,Size 70,Size 84,Reports
7/21/26,$1.18,$0.90,$0.70,$0.54,25
,,,,,
Report date,Size 48,Size 60,Size 70,Size 84,
6/10/26,$1.28,$1.20,$0.80,$0.60,
6/12/26,$1.28,$1.16,$0.82,$0.62,
6/17/26,$1.28,$1.16,$0.82,$0.62,
6/18/26,$1.24,$1.12,$0.78,$0.58,
6/19/26,$1.24,$1.12,$0.78,$0.58,
6/23/26,$1.18,$1.08,$0.78,$0.58,
6/24/26,$1.18,$1.08,$0.78,$0.58,
6/25/26,$1.18,$1.08,$0.78,$0.58,
6/26/26,$1.18,$1.08,$0.78,$0.58,
6/29/26,$1.18,$1.08,$0.78,$0.58,
6/30/26,$1.18,$1.08,$0.78,$0.58,
7/1/26,$1.18,$1.08,$0.78,$0.58,
7/2/26,$1.18,$1.08,$0.78,$0.58,
7/6/26,$1.18,$1.08,$0.78,$0.58,
7/7/26,$1.18,$1.08,$0.78,$0.58,
7/8/26,$1.18,$1.04,$0.78,$0.58,
7/9/26,$1.18,$1.04,$0.78,$0.58,
7/10/26,$1.18,$1.04,$0.78,$0.58,
7/13/26,$1.18,$1.00,$0.78,$0.58,
7/14/26,$1.18,$0.98,$0.76,$0.54,
7/15/26,$1.18,$0.98,$0.76,$0.54,
7/16/26,$1.18,$0.98,$0.76,$0.54,
7/17/26,$1.18,$0.96,$0.76,$0.54,
7/20/26,$1.18,$0.92,$0.72,$0.54,
7/21/26,$1.18,$0.90,$0.70,$0.54,
,,,,,
EXOTICS & PASSIONFRUIT,,,,,
Passionfruit $ (all years),Exotics total $,Passionfruit lbs,,,
"$203,314","$234,872","76,542",,,
,,,,,
PASSIONFRUIT REVENUE BY YEAR,,,,,
(chart: column),,,,,
Year,Revenue,Lbs,,,
2022,"$37,280","15,722",,,
2023,"$24,223","8,740",,,
2024,"$84,832","30,434",,,
2025,"$53,762","20,734",,,
2026,"$3,218",912,,,
,,,,,
EXOTICS BY PRODUCT (ALL YEARS),,,,,
(chart: bar),,,,,
Product,Revenue,,,,
Passionfruit,"$203,314",,,,
Lemons,"$15,884",,,,
Mix,"$6,956",,,,
Chiles,"$6,065",,,,
Dragonfruit,"$2,180",,,,
Other,$394,,,,
Melon,$40,,,,
Oranges,$39,,,,
,,,,,
FRUIT SALES · 2026,,,,,
Live sheet: Summerland Dashboard → Exotics year switches this table,,,,,
Fruit,Revenue,,,,
Passionfruit,"$3,218",,,,
Chiles,$270,,,,
Total,"$3,488",,,,
,,,,,
NOTES,,,,,
"* Labor figures are illustrative — the crew's labor form responses were not exported. All avocado, block, market and exotics numbers are real master-sheet data.",,,,,
Avocado years 2023+ are rolled up from weekly Index Fresh grower statements; 2021–2022 come from the annual statement PDFs.,,,,,
